Timestamp,RPM,Batt,Fuel Filter Differential Pressure [kPa],Total Operating Hours [Hours],Throttle Position [%],EXH_L,Right Air Filter Restriction [kPa],Fuel_Rate,Oil_Temp,Boost,Load,EXH_R,Crank_Press,Total_Fuel,Fuel Position,Atmospheric Pressure [kPa],Fuel_Press,FRC Fuel Limit,Oil_Press,Coolant_Temp,Aftercooler Temperature [Deg. C],Inlet Air Temperature [Deg. C],Left Air Filter Restriction [kPa],Latitude,Longitude,Speed [km/h],Heading [Degrees],Cumulative Idle Time [Hrs],Cumulative Idle Fuel Usage [L],Cumulative Fuel Used Daily [L],SMH,DIAG_STATS,Run Status,SMH_DIFF,MaxPower,RealPower,BSFC,Total_Fuel_DIFF,EXH_DIFF,Asset,Site
2021-11-18,1803.66,23.5,21.56,29250.258194216407,89.20000132918362,577.72,2.6440000393986702,185.6180027659237,91.8,38.4,46.24,501.28,,254580530.705,142.28600212022667,101.0,416.94,210.0800031304361,451.4,85.84,29.84,38.50000057369471,1.172000017464161,,,,,,,,29244.775329134878,,,0.9390416401215771,1678.0,775.9072,203.64851761417202,24.61,76.44,ABB00240,SS Moretti
2021-11-19,1806.9,23.5,21.1,29259.00941751327,89.2000013291836,559.3,3.180000047385694,171.6200025573374,91.0,31.15,41.9,483.8,-2594.1333719889362,254581051.9871094,136.070002027601,101.0,418.1,203.3850030306727,453.0,85.3,27.1,-2586.7229552118456,1.24000001847744,,,,,,,,29260.990688866415,,,0.09039359083332481,1678.0,703.082,207.09140251000252,4.429557291790843,75.5,ABB00240,SS Moretti
2021-11-20,1774.7777777777778,23.5,20.574074074074073,29268.354633441224,86.94814944377656,599.8148148148148,4.014814874640218,197.55185479560384,90.81481481481481,43.592592592592595,50.407407407407405,513.6666666666666,-1433.6000213623067,254581264.7876302,146.9203725596544,101.57407407407408,415.85185185185185,216.44815137347692,451.537037037037,85.03703703703704,27.0,-1413.7104377325957,1.4888889110750623,,,,,,,,29265.271467754003,,,0.2701783366331559,1635.0981481481483,840.6880740740742,214.28404709729213,14.955859374875823,86.14814814814815,ABB00240,SS Moretti
2021-11-21,1805.5833333333333,23.5,20.25,29277.193940549652,89.20000132918362,590.0,4.216666729499899,197.75833628016252,91.33333333333333,46.916666666666664,47.666666666666664,513.8333333333334,-2839.893375651046,254581830.11343846,147.64166886669884,101.5,419.75,217.23333657036233,452.75,85.66666666666667,25.833333333333332,-2835.2689311376917,0.533333341280619,,,,,,,,29276.390165361474,,,0.05862297458798922,1678.0,799.8466666666667,208.91288462741372,3.28926426437166,76.16666666666667,ABB00240,SS Moretti
2021-11-22,1707.2916666666667,23.541666666666668,16.375,29283.58507965106,81.76666788508497,529.0833333333334,5.258333411688606,181.67916937389734,88.75,42.333333333333336,51.166666666666664,512.75,-2383.1250355113334,254581990.21779022,142.52500212378808,101.45833333333333,408.375,211.750003155321,453.6666666666667,83.16666666666667,26.083333333333332,-2373.5545808232678,0.2833333375553287,,,,,,,,29280.637166073488,,,0.11486502914331967,1560.4766666666667,741.0533333333333,212.00147933631953,7.207002456892621,18.833333333333332,ABB00240,SS Moretti
2021-11-23,1805.5416666666667,23.5,18.65625,29298.596283153616,89.20833466264111,512.3958333333334,2.8541667091970635,174.78541927117237,91.27083333333333,37.375,44.125,526.4166666666666,,254582848.5078125,137.6479187177805,101.38541666666667,419.8645833333333,210.78854480766077,456.5833333333333,85.02083333333333,28.645833333333332,37.5062505588867,0.2833333375553287,,,,,,,,29298.418994272,,,0.489705607183699,1678.0,740.4175,201.78376661424375,23.088541666666668,25.1875,ABB00240,SS Moretti
2021-11-24,1804.4375,23.5,20.864583333333332,29322.599733052328,89.20833466264111,456.4166666666667,0.19166666952272235,144.0010438124493,90.66666666666667,25.385416666666668,36.916666666666664,483.9375,,254583809.66145834,124.51041852201645,101.5,422.40625,197.54687794367783,458.7395833333333,84.70833333333333,28.145833333333332,36.787500548176475,0.2145833365308739,,,,,,,,29322.420124583998,,,0.48984166171423266,1678.0,619.4616666666667,198.4942899535976,18.9765625,27.520833333333332,ABB00240,SS Moretti
2021-11-25,1805.09375,23.5,24.3125,29346.60316558991,89.20000132918362,503.8541666666667,0.2458333369965352,187.23229445664512,91.5625,42.302083333333336,45.9375,540.8541666666666,,254584776.046875,143.47916880467278,101.58333333333333,418.7395833333333,214.73125319974497,455.53125,85.35416666666667,29.354166666666668,38.4083339056621,0.24583333699653517,,,,,,,,29346.421254895995,,,0.489705607183699,1678.0,770.8312500000001,205.30308619026619,24.575520833333332,37.0,ABB00240,SS Moretti
2021-11-26,1803.5806451612902,23.5,28.806451612903224,29366.35595851968,89.2000013291836,488.93548387096774,0.2161290354786378,179.0580671843022,90.90322580645162,38.87096774193548,44.29032258064516,528.3548387096774,-1019.4489040798627,254585929.24836954,139.540324659958,100.93548387096774,421.1774193548387,211.62903541158283,456.741935483871,84.6774193548387,25.70967741935484,-995.9266815071321,0.22258064847800013,,,,,,,,29369.069377423653,,,0.3347783983339064,1678.0,743.1916129032257,204.47513369036994,15.926751207643084,39.41935483870968,ABB00240,SS Moretti
2021-11-27,1802.75,23.5,29.333333333333332,29376.968738364318,89.20000132918362,341.0,0.15000000223517398,53.80000080168248,87.16666666666667,5.333333333333333,17.0,292.0,-2858.48514897773,254586198.81210846,81.49166788098712,100.41666666666667,505.5833333333333,173.94166925859952,468.5,82.16666666666667,25.0,-2854.3596170013616,0.23333333681027066,,,,,,,,29376.257781379998,,,0.04866541610828519,1678.0,285.26,165.98900871248486,1.236069069897875,41.0,ABB00240,SS Moretti
2021-11-28,,,,,,,,,,,,,-3276.80004882813,254586238.4580696,,,,,,,,-3276.80004882813,,,,,,,,,29378.507947232003,,,,,,,0.2674050635347764,,ABB00240,SS Moretti
2021-11-29,1804.7631578947369,23.5,32.39473684210526,29383.399717895478,89.2000013291836,457.3157894736842,0.22105263487288798,126.20789661748643,89.94736842105263,22.973684210526315,32.31578947368421,447.94736842105266,-1979.7333628336619,254586361.23655066,116.28421225908558,100.47368421052632,485.2105263157895,194.1131607872483,457.86842105263156,84.0,26.526315789473685,-1966.4187793019257,0.32631579433616803,,,,,,,,29382.035612091164,,,0.19145175248794052,1678.0,542.2589473684211,197.8389840319311,6.934698048358162,13.578947368421053,ABB00240,SS Moretti
2021-11-30,1805.0326086956522,23.5,29.695652173913043,29400.636574331205,89.20000132918359,543.9565217391304,0.3173913090773247,189.86087239436486,91.6086956521739,50.95652173913044,46.73913043478261,524.5,,254587213.20652175,144.34348041175502,100.6413043478261,473.14130434782606,224.08587290435716,453.60869565217394,85.26086956521739,28.891304347826086,35.1282613930171,0.3456521790636621,,,,,,,,29400.546105452086,,,0.48480764408162463,1678.0,784.2826086956521,204.55005685870177,25.0,19.456521739130434,ABB00240,SS Moretti
2021-12-01,1805.09375,23.5,29.427083333333332,29424.139983593417,89.20000132918362,470.75,0.21666666989525132,134.34479366855993,90.375,25.239583333333332,34.666666666666664,461.9791666666667,,254588146.828125,119.94896012071217,101.01041666666667,477.9375,197.02083626917258,457.8645833333333,84.33333333333333,28.0,36.587500545196235,0.23125000344589328,,,,,,,,29423.941316911998,,,0.48988701322446104,1678.0,581.7066666666666,197.0239187372886,17.677083333333332,8.770833333333334,ABB00240,SS Moretti
2021-12-02,1804.4166666666667,23.5,29.489583333333332,29448.143445066202,89.20000132918362,479.9375,0.22291666998838358,139.8958354179437,90.60416666666667,26.927083333333332,35.854166666666664,468.1458333333333,,254589004.84895834,122.46979349160881,101.25,477.8854166666667,199.19271130153604,457.4375,84.54166666666667,27.979166666666668,36.562500544823706,0.24166667026778033,,,,,,,,29447.942447224003,,,0.4897509586938516,1678.0,601.6329166666667,198.51019415519718,18.411458333333332,11.791666666666666,ABB00240,SS Moretti
2021-12-03,1803.4270833333333,23.5,30.104166666666668,29472.146929687155,89.20833466264111,479.0625,0.24166667026778033,138.13541872504481,90.64583333333333,26.4375,38.395833333333336,466.2916666666667,,254589888.6484375,121.61562681221405,101.42708333333333,479.6875,198.34479462223433,457.5625,84.5625,28.166666666666668,36.831250548828386,0.25416667045404484,,,,,,,,29471.9402442,,,0.4897509586938516,1678.0,644.2820833333334,186.0205347202788,18.158854166666668,12.770833333333334,ABB00240,SS Moretti
2021-12-04,1805.0357142857142,23.5,29.392857142857142,29487.999563225378,89.2000013291836,535.7142857142857,0.21428571747882,167.57500249706206,91.71428571428571,36.82142857142857,42.642857142857146,511.85714285714283,-2300.7319491771977,254590398.58776596,134.38571628821757,101.85714285714286,479.17857142857144,212.00714601629542,454.0,85.71428571428571,28.5,-2289.5787575216405,0.328571433467524,,,,,,,,29486.148856039694,,,0.13433549200542869,1678.0,715.5471428571428,200.2140724535979,6.757978723404255,23.857142857142858,ABB00240,SS Moretti
2021-12-05,1806.1739130434783,23.5,29.369565217391305,29497.309280423615,89.20000132918359,481.04347826086956,0.17391304606976693,142.7456543009891,90.91304347826087,29.32608695652174,36.30434782608695,466.17391304347825,-1706.6666920979844,254590968.51330805,123.45869749185188,101.52173913043478,476.7391304347826,201.77391605014387,455.3478260869565,84.82608695652173,26.52173913043478,-1689.9208585151189,0.32608696138081306,,,,,,,,29500.2268640515,,,0.23306152904168206,1678.0,609.1869565217391,198.86477070529074,8.666168811420599,15.304347826086957,ABB00240,SS Moretti
2021-12-06,,,,,,,,,,,,,-3276.80004882813,254591066.7982537,,,,,,,,-3276.80004882813,,,,,,,,,29503.0236024,,,,,,,0.061580882097284,,ABB00240,SS Moretti
2021-12-07,,,,,,,,,,,,,-3276.80004882813,254591069.75413606,,,,,,,,-3276.80004882813,,,,,,,,,29503.02360529352,,,2.893520786528825e-06,,,,0.06158088271816572,,ABB00240,SS Moretti
2021-12-08,1804.6323529411766,23.5,31.647058823529413,29511.28776714372,89.2000013291836,548.1176470588235,0.27058823932619624,191.8264734466725,90.58823529411765,52.23529411764706,46.794117647058826,523.0,-955.7333475748713,254591377.1569585,144.51911980056147,101.48529411764706,477.25,225.08676805993656,460.02941176470586,84.5,28.58823529411765,-929.572930518384,0.39411765293163403,,,,,,,,29508.873575841786,,,0.33311077563318275,1678.0,785.2052941176471,206.2931574122598,17.669002757097285,26.176470588235293,ABB00240,SS Moretti
2021-12-09,1804.2446808510638,23.5,30.27659574468085,29531.649767690884,89.20851196760829,437.27659574468083,0.1574468108567784,117.42872515407971,89.87234042553192,18.319148936170212,32.234042553191486,394.1276595744681,,254592280.36968085,112.24361869383685,101.41489361702128,479.77659574468083,189.12127941387132,462.56382978723406,83.65957446808511,27.95744680851064,36.3361707542171,0.2765957488024485,,,,,,,,29531.547990540093,,,0.489753853471097,1678.0,540.8872340425532,187.6037066610872,15.856382978723405,43.148936170212764,ABB00240,SS Moretti
2021-12-10,1804.5833333333333,23.5,30.020833333333332,29555.786229165944,89.20000132918362,426.4791666666667,0.16875000251457073,110.4979183132139,89.89583333333333,15.6875,31.041666666666668,387.4375,,254593007.29427084,109.19687662716018,101.34375,479.4166666666667,186.9708361194159,462.5625,83.70833333333333,28.083333333333332,36.6833338799576,0.2958333377415932,,,,,,,,29555.679289838197,,,0.48988417875504336,1678.0,520.8791666666667,183.942355281335,14.484375,39.041666666666664,ABB00240,SS Moretti
2021-12-11,1803.5416666666667,23.5,29.645833333333332,29579.789690638732,89.20000132918362,431.875,0.1645833357858159,110.76354331717205,90.04166666666667,16.416666666666668,31.979166666666668,390.7916666666667,,254593701.484375,109.39895996350488,101.01041666666667,479.4375,186.87083611792582,461.7083333333333,83.9375,28.666666666666668,37.40000055730342,0.2875000042840835,,,,,,,,29579.680284095666,,,0.4897509586938516,1678.0,536.6104166666667,180.34211876248287,14.65625,41.083333333333336,ABB00240,SS Moretti
2021-12-12,1804.78125,23.5,31.458333333333332,29603.7930942411,89.20833466264111,422.6458333333333,0.18125000270083524,107.52395993556519,90.08333333333333,15.385416666666666,29.666666666666668,384.2916666666667,,254594389.296875,107.85208494045465,100.96875,477.28125,185.35312776197682,461.6666666666667,83.9375,27.979166666666668,36.56458387818809,0.2875000042840835,,,,,,,,29603.678129257645,,,0.48975284834015537,1678.0,497.8066666666667,186.56924871442126,14.143229166666666,38.354166666666664,ABB00240,SS Moretti
2021-12-13,1804.53125,23.5,34.385416666666664,29627.796538352763,89.20833466264111,427.4791666666667,0.18125000270083524,108.19791827894136,90.125,14.96875,30.9375,385.9583333333333,,254595075.5703125,108.29062661365602,101.0625,477.1875,186.09479443969516,461.3333333333333,84.125,28.416666666666668,37.04791721872365,0.29375000437721577,,,,,,,,29627.680459495023,,,0.4898397720680047,1678.0,519.13125,181.4864671620984,14.3984375,41.520833333333336,ABB00240,SS Moretti
2021-12-14,1804.4791666666667,23.5,38.84375,29651.799976677383,89.20833466264111,436.6875,0.22500000335276102,112.47812667605466,90.29166666666667,16.09375,30.958333333333332,393.8125,,254595777.984375,109.96145997188675,101.15625,475.09375,186.0989611064239,460.96875,84.35416666666667,28.145833333333332,37.064583885638655,0.3145833380209899,,,,,,,,29651.682563919665,,,0.48975095869377583,1678.0,519.4808333333333,187.150895991441,14.802083333333334,42.875,ABB00240,SS Moretti
2021-12-15,1804.1041666666667,23.5,46.864583333333336,29675.80346708538,89.20000132918362,460.2916666666667,0.2520833370896674,121.83541848215584,90.54166666666667,18.145833333333332,33.625,407.4791666666667,,254596529.4296875,114.35312670399433,101.01041666666667,473.6041666666667,188.99479448290865,460.2291666666667,84.54166666666667,28.270833333333332,37.25416722179701,0.3145833380209899,,,,,,,,29675.679774033313,,,0.4891640963428472,1678.0,564.2275,186.63573944939992,16.2265625,52.8125,ABB00240,SS Moretti
2021-12-16,1803.1145833333333,23.5,59.083333333333336,29699.807096382374,89.20000132918362,457.7708333333333,0.2833333375553287,121.33750180806966,90.5625,17.729166666666668,32.9375,409.625,,254597312.89322916,114.16354336783606,101.0,471.9583333333333,188.8135444802078,460.0625,84.54166666666667,28.104166666666668,37.03541721853738,0.3291666715716319,,,,,,,,29699.111477806782,,,0.4599010626477593,1678.0,552.69125,188.89750368734425,15.934895833333334,48.145833333333336,ABB00240,SS Moretti
2021-12-17,1804.2291666666667,23.5,72.57291666666667,29723.810673595985,89.20000132918362,489.7708333333333,0.3604166720372934,142.43958545584852,91.02083333333333,27.177083333333332,38.1875,429.2291666666667,,254598063.40364584,123.25416850329687,101.17708333333333,468.2916666666667,199.3406279704068,458.3125,84.72916666666667,29.416666666666668,38.491667240237184,0.4416666732480126,,,,,,,,29723.38088075799,,,0.3807362687274842,1678.0,640.78625,189.3129827124644,19.052083333333332,60.541666666666664,ABB00240,SS Moretti
2021-12-18,1805.0,23.5,82.23076923076923,29739.062915831746,89.2000013291836,616.1538461538462,0.5615384699060371,217.03077246477972,92.46153846153847,55.30769230769231,52.46153846153846,514.8461538461538,-2370.4510991522643,223306526.88184258,155.57307924129645,101.5,459.96153846153845,231.23461883027952,452.15384615384613,86.15384615384616,32.07692307692308,-2358.8830138735034,0.6307692401684251,,,,,,,,29741.485589859745,,,0.10295516510636167,1678.0,880.3046153846153,210.02306436814143,1840735.0463747154,101.3076923076923,ABB00240,SS Moretti
2021-12-19,,,,,,,,,,,,,-3276.80004882813,109996633.42657769,,,,,,,,-3276.80004882813,,,,,,,,,29742.626018618816,,,2.31481665953955e-06,,,,2471834.3944174764,,ABB00240,SS Moretti
2021-12-20,1804.1315789473683,23.5,33.026315789473685,29747.412420583136,89.2000013291836,515.8947368421053,0.5526315871822205,170.7131604385611,91.05263157894737,41.63157894736842,42.26315789473684,456.2105263157895,-1680.410281450323,13309958.29686333,135.42368622849662,101.26315789473684,472.2368421052632,214.07895055844583,454.42105263157896,85.26315789473684,30.63157894736842,-1661.0000247508312,0.4789473755579244,,,,,,,,29745.03407797509,,,0.1629276812547267,1678.0,709.1757894736842,200.04127966744818,1267618.6317525518,59.68421052631579,ABB00240,SS Moretti
2021-12-21,1804.1666666666667,23.5,29.666666666666668,29756.668470480796,89.2000013291836,586.4444444444445,0.744444455537531,222.8361144316279,95.83333333333333,64.02777777777777,53.27777777777778,500.72222222222223,-2048.0000305175813,856.5423177083334,159.0944468151364,101.36111111111111,457.47222222222223,238.78889244712056,441.94444444444446,89.38888888888889,33.166666666666664,-2031.7583636088948,0.6388888984090753,,,,,,,,29759.469308242275,,,0.1320988711111871,1678.0,894.0011111111112,210.10831603610106,10.478515625,85.72222222222223,ABB00240,SS Moretti
2021-12-22,,,,,,,,,,,,,-3276.80004882813,948.265625,,,,,,,,-3276.80004882813,,,,,,,,,29761.326032666922,,,1.4029191485557628e-06,,,,0.15625,,ABB00240,SS Moretti
2021-12-23,1802.9782608695652,23.5,30.76086956521739,29767.250934214975,89.20000132918359,518.2173913043479,0.6304347920029061,165.76304594832274,91.52173913043478,37.95652173913044,42.43478260869565,466.39130434782606,-1706.6666920979844,1051.7024739583333,133.45869764086342,100.91304347826087,464.3695652173913,211.32174227937415,453.2173913043478,85.56521739130434,30.304347826086957,-1687.7729418164456,0.5869565304854641,,,,,,,,29764.15471563111,,,0.2076223116989695,1678.0,712.055652173913,197.60880030282414,10.552734375,51.82608695652174,ABB00240,SS Moretti
2021-12-24,1805.3870967741937,23.5,31.951612903225808,29780.752867461433,89.2000013291836,527.3548387096774,0.6870967844320884,167.80000250041493,91.74193548387096,38.016129032258064,41.96774193548387,467.03225806451616,-1160.5333506266295,1922.1283854166668,134.27096974272877,101.0,459.19354838709677,210.17258377697672,452.03225806451616,85.3225806451613,27.612903225806452,-1136.7729336059049,0.6580645259349579,,,,,,,,29783.35838387664,,,0.2563976918905458,1678.0,704.2187096774193,202.1200306782006,13.905729166666665,60.32258064516129,ABB00240,SS Moretti
2021-12-25,1804.18,23.5,22.1,29795.420218358817,89.20000132918362,618.52,0.9240000137686724,229.92200342610474,95.28,64.06,54.96,522.36,-1533.8212994514652,2322.140159574468,161.80800241112718,101.48,408.68,239.49400356873863,444.72,88.56,33.0,-1510.9723629407767,0.8480000126361845,,,,,,,,29792.2740386859,,,0.20590413860562432,1678.0,922.2288000000001,211.60521780027207,16.418085106382982,96.16,ABB00240,SS Moretti
2021-12-26,1803.9166666666667,23.5,29.055555555555557,29806.171656134055,89.2000013291836,413.94444444444446,0.5888888976640175,106.31111269527005,90.77777777777777,14.88888888888889,29.555555555555557,402.22222222222223,-2048.0000305175813,3094.2076822916665,107.31944604362872,101.44444444444444,419.5,185.68333610023058,455.1666666666667,84.27777777777777,29.77777777777778,-2033.6666969706646,0.4888888961739014,,,,,,,,29809.101949114334,,,0.14840289649987426,1678.0,495.9422222222222,185.47553887995198,5.088324652777781,11.722222222222221,ABB00240,SS Moretti
2021-12-27,,,,,,,,,,,,,-3276.80004882813,3146.1510416666665,,,,,,,,-3276.80004882813,,,,,,,,,29810.78385439504,,,5.7870416488488745e-06,,,,0.17708333333333334,,ABB00240,SS Moretti
2021-12-28,1805.0,23.5,31.5,29812.04108650682,89.2000013291836,429.8,0.6600000098347666,111.81000166609881,89.6,18.1,29.0,395.6,-2877.190286775919,3204.248802264808,109.43000163063421,101.0,416.2,188.59000281021,460.6,84.2,28.2,-2872.7732135393676,0.6200000092387202,,,,,,,,29813.032822023208,,,0.04207463072151125,1678.0,486.62,195.30331966664744,1.7672401277584135,34.2,ABB00240,SS Moretti
2021-12-29,1804.1666666666667,23.5,31.533333333333335,29818.019961406975,89.2000013291836,473.8666666666667,0.5866666754086816,128.276668578138,91.33333333333333,20.4,32.86666666666667,415.1333333333333,-2208.278293775479,3268.261257763975,117.4033350827794,101.5,416.46666666666664,191.3533361847202,454.7,85.06666666666666,30.133333333333333,-2195.719597936166,0.6733333433667821,,,,,,,,29815.063463823542,,,0.12239971682356554,1678.0,551.5026666666666,197.66362840618203,5.734860248447208,58.733333333333334,ABB00240,SS Moretti
2021-12-30,1804.0208333333333,23.5,38.8125,29833.77211685981,89.20000132918362,515.5,0.6958333437020582,154.61250230390579,92.41666666666667,33.65625,39.125,448.1041666666667,,3914.5859375,128.8239602529599,101.40625,410.6458333333333,206.2989614074274,451.5416666666667,86.125,31.083333333333332,39.99166726258895,0.7708333448196453,,,,,,,,29833.491546809575,,,0.41336700868949566,1678.0,656.5175,199.92708168061236,20.299479166666668,67.39583333333333,ABB00240,SS Moretti
2021-12-31,1803.4782608695652,23.5,43.19565217391305,29851.524657483587,89.20000132918359,566.8260869565217,0.804347838072673,184.86739405908662,93.52173913043478,45.69565217391305,46.391304347826086,486.17391304347825,-1673.2595994015983,4872.648304192121,142.16521950973117,101.0,401.45652173913044,218.05217716227406,447.9782608695652,87.26086956521739,31.608695652173914,-1653.1042799523243,0.9347826226249987,,,,,,,,29854.61816721085,,,0.19335941648874877,1678.0,778.4460869565216,202.3629798538746,11.577074994733518,80.65217391304348,ABB00240,SS Moretti
2022-01-01,,,,,,,,,,,,,-3276.80004882813,5014.292698019802,,,,,,,,-3276.80004882813,,,,,,,,,29857.61944270866,,,1.0766589184640907e-06,,,,0.38490099009900786,,ABB00240,SS Moretti
2022-01-02,1805.0,23.5,44.375,29859.3120667652,89.2000013291836,542.25,0.9000000134110445,171.0000025480985,91.25,42.875,42.0,472.5,-2997.9234489278633,5059.341903909236,136.31250203121425,101.0,407.125,214.212503192015,454.5,85.25,30.25,-2994.60642760184,1.0000000149011623,,,,,,,,29858.66592719439,,,0.024037111245056718,1678.0,704.76,205.25208718190962,2.1799106202413587,69.75,ABB00240,SS Moretti
2022-01-03,1804.3833333333334,23.5,43.333333333333336,29871.003242289462,89.2000013291836,581.5333333333333,1.0533333490292232,204.76666971792778,93.5,59.766666666666666,49.766666666666666,503.76666666666665,-936.2285853794657,5406.938350340136,150.6200022444129,101.0,408.6333333333333,229.15833674805856,447.85,87.1,31.766666666666666,-907.1595373272555,1.2466666852434485,,,,,,,,29868.09609844778,,,0.298173490330685,1678.0,835.0846666666667,207.96327753837213,20.064200680272105,77.76666666666667,ABB00240,SS Moretti
2022-01-04,1805.4183673469388,23.5,46.91836734693877,29890.51233983659,89.20000132918362,506.40816326530614,0.8714285844138692,151.54285940102173,91.71428571428571,32.826530612244895,39.46938775510204,446.1020408163265,,6472.288265306122,127.39489985751563,101.0,413.4387755102041,204.41224794393906,453.2244897959184,85.40816326530613,30.20408163265306,39.332653647326694,1.0918367509635125,,,,,,,,29890.267184780456,,,0.40758875479202417,1678.0,662.2963265306123,195.77409527188772,19.346938775510203,60.30612244897959,ABB00240,SS Moretti
2022-01-05,1805.1041666666667,23.5,51.427083333333336,29914.509093537854,89.20833466264111,488.5208333333333,0.850000012665987,138.01250205654648,91.375,27.125,36.645833333333336,429.8958333333333,,7355.380208333333,121.72812681389041,100.77083333333333,408.53125,198.3437529555522,453.1770833333333,85.22916666666667,29.416666666666668,38.23125056969002,1.1166666833062961,,,,,,,,29914.808896733248,,,0.41346779033104514,1678.0,614.9170833333334,192.86754986548442,18.354166666666668,58.625,ABB00240,SS Moretti
2022-01-06,1805.3645833333333,23.5,56.166666666666664,29938.51264181627,89.20833466264111,460.2916666666667,0.8270833456578354,125.79896020788385,91.0625,21.65625,33.75,415.3333333333333,,8186.533854166667,116.06562672951257,100.6875,407.6770833333333,192.56979453618018,453.8125,84.95833333333333,29.395833333333332,38.17708390221622,1.1083333498487884,,,,,,,,29938.354834005386,,,0.39956428937481786,1678.0,566.3249999999999,191.44697535028254,16.3671875,44.958333333333336,ABB00240,SS Moretti
2022-01-07,1804.7291666666667,23.5,60.78125,29962.516230603967,89.20000132918362,457.75,0.8416666792084774,124.03229351489186,91.10416666666667,21.364583333333332,33.854166666666664,416.875,,8969.177083333334,115.18646004974532,100.9375,406.6145833333333,192.98333620900914,453.6458333333333,85.04166666666667,29.8125,38.47083390659342,1.1625000173225997,,,,,,,,29962.924153861914,,,0.38196809190299064,1678.0,568.0729166666666,188.8699751181193,16.3671875,40.875,ABB00240,SS Moretti
2022-01-08,1805.3125,23.5,64.38541666666667,29986.519726799,89.20000132918362,478.8125,0.8770833464028933,132.79166864541673,91.75,24.770833333333332,35.770833333333336,422.4166666666667,,9781.395833333334,119.16666844238837,101.22916666666667,406.9583333333333,196.2239612572982,451.8125,85.58333333333333,30.166666666666668,38.83750057872386,1.2687500189058476,,,,,,,,29986.513528582716,,,0.43570808982061254,1678.0,600.2345833333333,190.9584204391458,17.4375,56.395833333333336,ABB00240,SS Moretti
2022-01-09,1804.71875,23.5,68.13541666666667,30010.52319405883,89.20000132918362,455.9791666666667,0.8833333464960256,122.27083515531073,91.70833333333333,21.4375,35.1875,414.9583333333333,,10589.3203125,114.73646004303977,101.48958333333333,407.1875,192.44062786758874,451.5,85.60416666666667,30.083333333333332,38.79375057807192,1.2729166856346026,,,,,,,,30010.71665678655,,,0.4075638127170957,1678.0,590.44625,180.88949069020484,16.255208333333332,41.020833333333336,ABB00240,SS Moretti
2022-01-10,1804.90625,23.5,71.73958333333333,30034.526736550193,89.20000132918362,449.4791666666667,0.9125000135973093,120.6197934640416,91.91666666666667,21.260416666666668,33.541666666666664,411.6041666666667,,11360.046875,113.76875169528647,101.03125,406.5729166666667,191.94479452686699,450.8958333333333,85.8125,30.0625,38.89166724619768,1.3145833529221522,,,,,,,,30033.964774384618,,,0.4432955976305948,1678.0,562.8291666666667,186.22586967335488,15.859375,37.875,ABB00240,SS Moretti
2022-01-11,1803.0,23.5,38.96052631578947,30056.387990929714,89.2000013291836,427.44736842105266,0.8842105394915528,109.37237005082797,90.84210526315789,17.276315789473685,33.68421052631579,392.5263157894737,-569.8782693614139,12050.320652173914,109.02894899307897,101.0,413.0263157894737,187.96052911661954,454.80263157894734,84.94736842105263,29.763157894736842,-538.5239210681108,1.2973684403849282,,,,,,,,30057.096637010964,,,0.32715406471233227,1678.0,565.221052631579,171.01890817269813,12.203804347826088,34.921052631578945,ABB00240,SS Moretti
2022-01-12,1805.8541666666667,23.5,14.302083333333334,30078.68427579232,89.20833466264111,453.2083333333333,0.9958333481724063,126.30312688206318,91.14583333333333,24.604166666666668,33.979166666666664,415.875,,12635.533854166666,115.9718767281156,101.32291666666667,413.5208333333333,196.18750292342153,452.9479166666667,84.91666666666667,30.0,38.772917244428136,1.4645833551573253,,,,,,,,30078.464438811923,,,0.3873947387145715,1678.0,570.1704166666667,187.3431006934732,16.765625,37.333333333333336,ABB00240,SS Moretti
2022-01-13,1804.21875,23.5,13.65625,30094.686637453244,89.2000013291836,528.75,1.0687500159256165,160.2031273872125,92.3125,34.71875,39.75,461.125,-2184.53336588542,13385.603993055556,131.23750195559106,101.5,407.125,207.14375308668255,448.78125,85.8125,30.875,-2171.175032353032,1.712500025518238,,,,,,,,30097.118255364938,,,0.13435857309536914,1678.0,667.005,203.3194644614016,6.924305555555558,67.625,ABB00240,SS Moretti
2022-01-14,1804.09375,23.5,16.78125,30102.983084711108,89.2000013291836,474.5625,0.9062500135041774,126.47812688467084,89.5,24.1875,32.125,404.375,-2028.4881254649265,13592.892705415501,115.70937672420402,101.875,410.53125,197.08750293683255,456.0,83.5625,30.1875,-2013.9476490577804,1.5562500231899312,,,,,,,,30102.905429369832,,,0.11195171465580989,1678.0,539.0575,195.8409820956248,6.535037348272627,70.1875,ABB00240,SS Moretti
2022-01-15,1402.5,23.5,30.5,30107.5369770502,58.0000008642673,166.0,0.600000008940697,53.2000007927418,64.0,2.5,21.0,175.0,-3167.573380533859,13723.842524509802,69.3000010326505,101.5,415.5,140.450002092868,499.5,62.0,26.0,-3166.5900471858727,0.900000013411045,,,,,,,,30107.243125775232,,,0.011285934954624583,1536.475,322.65975,140.14763438523252,0.3174019607843244,9.0,ABB00240,SS Moretti
2022-01-16,1803.9545454545455,23.5,18.09090909090909,30112.787309310792,89.2000013291836,407.27272727272725,1.0272727425802841,130.67272921990272,89.81818181818181,40.0,33.45454545454545,422.6363636363636,-2418.5905122302865,13790.503776510604,118.48636540194792,101.22727272727273,414.90909090909093,214.7363668361848,454.40909090909093,83.27272727272727,27.636363636363637,-2409.704797812165,1.5727272961627348,,,,,,,,30110.051067311077,,,0.09191138620224679,1678.0,561.3672727272727,197.2414520227456,4.912084833933564,15.727272727272727,ABB00240,SS Moretti
2022-01-17,1804.2058823529412,23.5,21.205882352941178,30120.13393103843,89.2000013291836,480.4117647058824,1.4352941390346083,193.47353229474496,91.76470588235294,75.76470588235294,46.705882352941174,488.4117647058824,-2065.8087264351257,14021.36451863354,145.88823746802183,101.20588235294117,399.79411764705884,253.32941553960833,453.8529411764706,85.17647058823529,30.705882352941178,-2052.813074067562,0.4529411832199377,-22.84745,-43.12997,,130.8,,,,30117.437518031315,,,0.15491283734571998,1678.0,783.724705882353,209.56097348179938,9.865916149068337,8.0,ABB00240,SS Moretti
2022-01-18,1804.2096774193549,23.5,22.338709677419356,30132.13414622335,89.21290455518233,489.0967741935484,1.506451635351103,200.82097073440107,92.2258064516129,82.19354838709677,48.32258064516129,495.7096774193548,-1115.5063996010656,14923.363913962317,148.78064737829465,101.48387096774194,395.56451612903226,257.7951651317698,449.5967741935484,85.87096774193549,32.03225806451613,-1091.2574630695156,0.5000000074505809,,,,,,,,30134.853315387263,,,0.2308831120371519,1678.0,810.8529032258065,210.53562537347352,17.003268500608915,6.612903225806452,ABB00240,SS Moretti
2022-01-19,,,,,,,,,,,,,-3276.80004882813,15192.380681818182,,,,,,,,-3276.80004882813,,,,,,,,,30140.253001071997,,,,,,,0.1266835016835254,,ABB00240,SS Moretti
2022-01-20,,,,,,,,,,,,,-3276.80004882813,15198.334806397306,,,,,,,,-3276.80004882813,,,,,,,,,30140.253001072,,,,,,,0.12668350168350234,,ABB00240,SS Moretti
2022-01-21,,,,,,,,,,,,,-3276.80004882813,15204.28893097643,,,,,,,,-3276.80004882813,,,,,,,,,30140.253001071997,,,,,,,0.12668350168348752,,ABB00240,SS Moretti
2022-01-22,,,,,,,,,,,,,-3276.80004882813,15210.36973905724,,,,,,,,-3276.80004882813,,,,,,,,,30140.253001071997,,,,,,,0.12668350168348752,,ABB00240,SS Moretti
2022-01-23,,,,,,,,,,,,,-3276.80004882813,15216.450547138047,,,,,,,,-3276.80004882813,,,,,,,,,30140.253001071997,,,,,,,0.1266835016835254,,ABB00240,SS Moretti
2022-01-24,1803.9,23.5,37.1,30141.649225116842,89.2000013291836,473.6,0.3400000050663944,185.950002770871,89.8,72.5,45.4,479.6,-2928.2042989527968,15227.725633999571,142.5700021244588,101.4,391.4,251.11000374183058,435.4,83.6,30.8,-2924.47238400357,0.4200000062584876,,,,,,,,30140.385343573464,,,0.03470254943254367,1678.0,761.812,207.48388083901145,2.754163980227802,6.0,ABB00240,SS Moretti
2022-01-25,1805.09375,23.5,36.9375,30154.89942034079,89.20833466264111,440.8125,0.27500000409781905,154.00208562814313,89.35416666666667,56.34375,38.958333333333336,441.125,,15865.78125,128.44687691400756,101.36458333333333,393.09375,229.96562842675482,436.6875,83.1875,30.3125,36.40208387576666,0.38541667240982247,,,,,,,,30155.125655310923,,,0.3248985298988221,1678.0,653.7208333333333,199.9124594502123,20.200520833333332,7.020833333333333,ABB00240,SS Moretti
2022-01-26,1804.5833333333333,23.5,40.885416666666664,30178.899739450088,89.20000132918362,456.7708333333333,0.3125000046566126,166.7802108185521,89.875,63.375,41.375,451.9166666666667,,16780.158854166668,134.11562699847858,101.07291666666667,389.5104166666667,238.7666702245673,434.5,83.95833333333333,30.5,36.29791720754777,0.4166666728754838,,,,,,,,30178.328475426708,,,0.3032685617710437,1678.0,694.2725,203.07944021855326,22.158854166666668,5.5625,ABB00240,SS Moretti
2022-01-27,1804.6875,23.5,45.5625,30192.899888945925,89.2000013291836,489.375,0.350000005215406,188.54375280952075,90.375,76.75,46.0,485.5,-2730.666707356775,17551.664134837964,143.64375214045876,100.875,383.4375,250.51250373292726,431.5625,85.125,31.375,-2724.3500405959826,0.48750000726431625,,,,,,,,30194.45049111907,,,0.03597084808082703,1678.0,771.88,206.25964090615201,3.886592158564781,3.875,ABB00240,SS Moretti
2022-01-28,,,,,,,,,,,,,-3276.80004882813,17571.169704861113,,,,,,,,-3276.80004882813,,,,,,,,,30195.2600015993,,,3.162057865942504e-05,,,,0.10503472222223101,,ABB00240,SS Moretti
2022-01-29,,,,,,,,,,,,,-3276.80004882813,17576.106336805555,,,,,,,,-3276.80004882813,,,,,,,,,30195.513045279997,,,,,,,0.10503472222224748,,ABB00240,SS Moretti
2022-01-30,,,,,,,,,,,,,-3276.80004882813,17581.148003472223,,,,,,,,-3276.80004882813,,,,,,,,,30195.513045279997,,,,,,,0.10503472222224748,,ABB00240,SS Moretti
2022-01-31,,,,,,,,,,,,,-3276.80004882813,17586.189670138887,,,,,,,,-3276.80004882813,,,,,,,,,30195.513045279997,,,,,,,0.1050347222221717,,ABB00240,SS Moretti
2022-02-01,,,,,,,,,,,,,-3276.80004882813,17591.231336805555,,,,,,,,-3276.80004882813,,,,,,,,,30195.513108514016,,,6.775073264482974e-06,,,,0.10503472222224748,,ABB00240,SS Moretti
2022-02-02,1805.5263157894738,23.5,31.144736842105264,30205.669726837095,89.2000013291836,456.94736842105266,0.300000004470348,171.969739404654,91.36842105263158,64.72368421052632,42.05263157894737,462.0263157894737,-627.4723497755994,17966.066988031915,136.2368441353502,101.5,407.6578947368421,239.19605619587784,449.69736842105266,85.05263157894737,30.36842105263158,-598.8638387110014,0.3973684269738823,,,,,,,,30204.66940372343,,,0.23044543683290805,1678.0,705.6431578947368,206.2552464584496,18.567985372340427,6.868421052631579,ABB00240,SS Moretti
2022-02-03,1804.75,23.5,39.177083333333336,30227.170065372997,89.20000132918362,406.375,0.24166667026778033,129.98229360355376,90.27083333333333,40.229166666666664,34.229166666666664,414.0208333333333,,18859.296875,117.93333509067689,101.5,411.8645833333333,213.5687531824224,453.25,84.52083333333333,29.145833333333332,36.8395838822859,0.32708333820725444,,,,,,,,30227.717840851143,,,0.34528923406363293,1678.0,574.3654166666666,193.30510337203216,16.903645833333332,8.604166666666666,ABB00240,SS Moretti
2022-02-04,1805.6666666666667,23.5,49.96153846153846,30248.920438867415,89.2000013291836,473.0769230769231,0.3666666721304254,189.93718231746402,91.84615384615384,76.25641025641026,46.17948717948718,476.97435897435895,-614.4000091552743,19817.15221461777,144.1371816349909,101.23076923076923,399.3333333333333,251.5141063119547,447.11538461538464,85.71794871794872,30.871794871794872,-585.2645920544561,0.5076923152575128,,,,,,,,30249.928923186366,,,0.2072535990111343,1678.0,774.8917948717948,207.25453357052803,19.907089359504123,4.3076923076923075,ABB00240,SS Moretti
2022-02-05,,,,,,,,,,,,,-3276.80004882813,20235.272469008265,,,,,,,,-3276.80004882813,,,,,,,,,30258.766429216,,,,,,,0.07902892561984724,,ABB00240,SS Moretti
2022-02-06,,,,,,,,,,,,,-3276.80004882813,20239.065857438018,,,,,,,,-3276.80004882813,,,,,,,,,30258.766429216,,,,,,,0.07902892561984724,,ABB00240,SS Moretti
2022-02-07,,,,,,,,,,,,,-3276.80004882813,20242.85924586777,,,,,,,,-3276.80004882813,,,,,,,,,30258.766429216,,,,,,,0.07902892561984724,,ABB00240,SS Moretti
2022-02-08,,,,,,,,,,,,,-3276.80004882813,20246.652634297523,,,,,,,,-3276.80004882813,,,,,,,,,30258.76645019923,,,1.998402922254172e-06,,,,0.07902892561977144,,ABB00240,SS Moretti
2022-02-09,1804.2857142857142,23.5,45.642857142857146,30260.794831258198,89.2000013291836,466.42857142857144,0.40000000596046414,184.06428845705744,91.0,74.0,44.857142857142854,463.14285714285717,-2788.765999002664,20261.13715491472,141.95000211521972,101.5,406.35714285714283,251.4357180323986,452.07142857142856,85.28571428571429,30.857142857142858,-2782.9170627452954,0.5285714364477568,,,,,,,,30259.255542458854,,,0.03903649000525586,1678.0,752.7028571428572,207.01940086895794,3.7427905749956403,6.428571428571429,ABB00240,SS Moretti
2022-02-10,1805.1666666666667,23.5,58.90625,30274.545118626887,89.20000132918362,435.6875,0.35625000530853845,147.98021053841023,90.58333333333333,50.958333333333336,37.4375,431.625,,20929.473958333332,125.92812687647525,101.5,404.5,224.90521168468214,451.9375,84.1875,29.604166666666668,37.91458389830466,0.4875000072643161,,,,,,,,30276.02086628971,,,0.284900637050517,1678.0,628.20125,199.65418338091413,19.3828125,8.854166666666666,ABB00240,SS Moretti
2022-02-11,1803.7790697674418,23.5,72.67441860465117,30297.29547999008,89.2000013291836,452.6511627906977,0.3581395402204157,167.87093273403,91.16279069767442,62.36046511627907,41.69767441860465,450.69767441860466,-278.8765999002664,21802.80251604188,134.66744386716638,101.5,396.7674418604651,237.87442214925616,449.6744186046512,84.74418604651163,30.11627906976744,-243.72128022747515,0.5162790774605995,,,,,,,,30297.25012548364,,,0.2518819510715207,1678.0,699.686976744186,202.77233577373718,19.526258020938876,6.744186046511628,ABB00240,SS Moretti
2022-02-12,,,,,,,,,,,,,-3276.80004882813,22276.059523809523,,,,,,,,-3276.80004882813,,,,,,,,,30308.328691088,,,,,,,0.1468253968253824,,ABB00240,SS Moretti
2022-02-13,,,,,,,,,,,,,-3276.80004882813,22283.107142857145,,,,,,,,-3276.80004882813,,,,,,,,,30308.328691088,,,,,,,0.1468253968253824,,ABB00240,SS Moretti
2022-02-14,,,,,,,,,,,,,-3276.80004882813,22290.154761904763,,,,,,,,-3276.80004882813,,,,,,,,,30308.328691088,,,,,,,0.14682539682545817,,ABB00240,SS Moretti
2022-02-15,1804.5714285714287,23.5,70.57142857142857,30310.36439262313,89.25714418717794,445.7142857142857,0.314285718968936,159.11428808527344,90.42857142857143,58.42857142857143,39.42857142857143,445.7142857142857,-2788.765999002664,22305.8373015873,130.82143052081986,101.5,406.5,233.957146343376,453.92857142857144,84.57142857142857,29.0,-2783.393658497078,0.4571428639548164,,,,,,,,30308.77372060084,,,0.03615724893763322,1678.0,661.6114285714285,203.28305489880134,3.3669790611279593,2.2857142857142856,ABB00240,SS Moretti
2022-02-16,1804.875,23.5,83.39583333333333,30324.11445595064,89.20833466264111,444.5208333333333,0.300000004470348,153.09375228127462,90.875,54.177083333333336,38.333333333333336,440.1666666666667,,22963.958333333332,128.12187690916474,101.5,400.0833333333333,228.81354507625406,451.3020833333333,84.33333333333333,30.125,38.652083909294255,0.5000000074505808,,,,,,,,30325.833735358403,,,0.2738919441718129,1678.0,643.2333333333333,201.64248109160386,20.091145833333332,8.104166666666666,ABB00240,SS Moretti
2022-02-17,1805.03125,23.5,35.78125,30348.114722976563,89.20833466264111,429.125,0.2979166711059706,137.90521038828112,90.45833333333333,46.572916666666664,35.020833333333336,422.9375,,23817.380208333332,121.62396014567157,101.375,404.6145833333333,219.9395866106886,452.21875,84.0625,29.6875,38.05625056708232,0.5437500081025066,,,,,,,,30348.336572740798,,,0.3106616912220943,1678.0,587.6495833333333,199.1024391090158,18.361979166666668,6.854166666666667,ABB00240,SS Moretti
2022-02-18,1804.2666666666667,23.5,44.766666666666666,30363.884078673906,89.2000013291836,449.73333333333335,0.31333333800236346,148.74000221639875,90.73333333333333,51.4,37.266666666666666,434.53333333333336,-1983.326345343342,24520.566856330017,126.58000188618894,101.0,404.26666666666665,226.80333671296628,451.3,84.46666666666667,30.2,-1968.1395030117772,0.5933333421746894,,,,,,,,30365.8864570225,,,0.08284114403422312,1678.0,625.3346666666667,202.03177851866744,7.569879089615968,15.2,ABB00240,SS Moretti
2022-02-19,1805.357142857143,23.5,25.357142857142858,30372.057236982542,89.2000013291836,451.64285714285717,0.4000000059604643,161.6964309808932,90.92857142857143,58.464285714285715,40.07142857142857,453.14285714285717,-2300.7319491771977,24685.080402210722,132.30000197142365,101.0,449.7857142857143,232.6357177522565,452.9642857142857,84.78571428571429,29.785714285714285,-2289.3319490073245,0.6571428669350491,,,,,,,,30370.73291335644,,,0.04597017118214082,1678.0,672.3985714285715,203.8557506247872,6.247284518561076,5.071428571428571,ABB00240,SS Moretti
2022-02-20,1804.0,23.5,43.375,30376.5862781123,89.2000013291836,308.75,0.175000002607703,59.56250088755043,87.5,13.875,17.0,281.75,-3003.7333780924528,24897.270713225018,84.71250126231465,101.125,499.875,187.22500278987,466.125,82.0,28.0,-3000.8375447159683,0.375000005587935,,,,,,,,30376.73544020692,,,0.013411946016958609,1678.0,285.26,177.48063434907755,0.727457852900064,27.0,ABB00240,SS Moretti
2022-02-21,1182.5,23.5,26.0,30378.3024599681,41.2000006139278,142.0,0.100000001490116,43.6000006496906,61.0,,10.0,167.0,-3207.0808988530634,24920.727610306196,58.9000008776784,101.0,386.0,142.700002126396,494.0,59.0,28.0,-3206.410686077119,0.100000001490116,,,,,,,,30378.06782489345,,,0.002899398169361991,919.15,91.915,403.19861341714636,0.41967446443564727,25.0,ABB00240,SS Moretti
2022-02-22,1805.4,23.5,48.1,30381.8520182129,89.2000013291836,432.8,0.28000000417232485,140.9100020997226,90.6,47.6,35.4,432.8,-2895.776787336487,24974.538107822413,123.21000183597221,101.5,475.5,220.6300032876432,453.8,84.2,30.4,-2891.3139965723117,0.5000000074505808,,,,,,,,30380.53207016131,,,0.019098565379376955,1678.0,594.012,201.32100322410082,2.5615398167723216,2.8,ABB00240,SS Moretti
2022-02-23,1805.076923076923,23.5,39.46153846153846,30387.1846675522,89.2000013291836,450.84615384615387,0.3384615435050083,164.02307936721115,90.6923076923077,61.5,40.46153846153846,454.46153846153845,-2370.4510991522643,25190.93733075435,132.94230967330253,101.46153846153847,481.2692307692308,235.13461888839421,451.4230769230769,84.3076923076923,31.076923076923077,-2359.7574819716406,0.5692307777129687,,,,,,,,30387.122498007164,,,0.046275766807044184,1678.0,678.9446153846154,203.78118601690207,6.077159896840733,6.538461538461538,ABB00240,SS Moretti
2022-02-24,1804.5,23.5,46.0,30390.7358027213,89.2000013291836,242.0,0.200000002980232,30.4000004529953,68.0,7.5,9.0,241.0,-3208.5333811442106,25335.42051182185,68.1000010147691,101.5,504.0,177.250002641231,510.0,66.0,28.0,-3207.8604644675165,0.300000004470348,,,,,,,,30390.747200529553,,,0.0026230682024864413,1678.0,151.02,171.10316769332542,0.20346865835783015,1.0,ABB00240,SS Moretti
2022-02-25,1805.5,23.5,30.8125,30392.916707151388,89.2000013291836,497.125,0.46250000689178716,209.61250312346962,89.125,87.0625,49.875,493.5,-2730.666707356775,25357.128612231183,152.11875226674613,101.75,476.6875,267.55625398689887,453.1875,83.75,32.625,-2724.379207263084,0.7375000109896064,,,,,,,,30391.314295530585,,,0.029325219868496788,1678.0,836.9024999999999,211.8449451882837,4.792506720430083,4.875,ABB00240,SS Moretti
2022-02-26,1805.1979166666667,23.5,20.572916666666668,30406.916850860176,89.20000132918362,433.7708333333333,0.3416666717578966,148.3343772103544,90.75,54.125,37.729166666666664,435.9583333333333,,26104.466145833332,126.252085214636,101.60416666666667,426.625,228.8770867438677,451.4583333333333,84.29166666666667,30.9375,38.50416724042346,0.5895833421188099,,,,,,,,30406.33692510982,,,0.38702539922572515,1678.0,633.0954166666667,197.67202318151996,19.776041666666668,8.4375,ABB00240,SS Moretti
2022-02-27,1804.3152173913043,23.5,18.532608695652176,30430.417161287507,89.20000132918359,460.2173913043478,0.4304347890226737,172.42608952587065,91.23913043478261,67.55434782608695,42.54347826086956,460.3695652173913,-136.53333536783876,26987.449286684783,136.5206542082293,101.5,407.7391304347826,244.59239494905856,449.0652173913044,84.65217391304348,31.630434782608695,-99.46666814883571,0.7391304457965103,-25.2804933333333,-46.2472683333333,,,,,,30429.205810815936,,,0.2898260115877444,1678.0,713.8795652173912,202.9952270235586,21.550849184782617,7.065217391304348,ABB00240,SS Moretti
2022-02-28,,,,,,,,,,,,,-3276.80004882813,27554.435054347825,,,,,,,,-3276.80004882813,,,,,,,,,30441.81324232,,,,,,,0.06358695652170354,,ABB00240,SS Moretti
2022-03-01,,,,,,,,,,,,,-3276.80004882813,27557.48722826087,,,,,,,,-3276.80004882813,,,,,,,,,30441.81324232,,,,,,,0.06358695652177933,,ABB00240,SS Moretti
2022-03-02,,,,,,,,,,,,,-3276.80004882813,27560.539402173916,,,,,,,,-3276.80004882813,,,,,,,,,30441.81324232,,,,,,,0.06358695652170354,,ABB00240,SS Moretti
2022-03-03,,,,,,,,,,,,,-3276.80004882813,27563.591576086958,,,,,,,,-3276.80004882813,,,,,,,,,30441.813267037534,,,2.3540508967319815e-06,,,,0.06358695652177933,,ABB00240,SS Moretti
2022-03-04,,,,,,,,,,,,,-3276.80004882813,27566.166847826087,,,,,,,,-3276.80004882813,,,,,,,,,30441.81453433724,,,1.8832406622646943e-05,,,,0.06358695652174488,,ABB00240,SS Moretti
2022-03-05,1804.6875,23.5,26.8125,30444.695149158077,89.2000013291836,387.0,0.3375000050291416,113.57500169239933,89.125,38.9375,28.875,386.375,-2586.947406969576,27660.853764688123,109.7000016346573,101.25,436.4375,209.05625311518088,457.875,83.625,29.75,-2579.4184594889653,0.6000000089406967,,,,,,,,30445.92613028496,,,0.03302637442634717,1678.0,484.5225,194.24202174955005,3.005889465260847,17.125,ABB00240,SS Moretti
2022-03-06,,,,,,,,,,,,,-3276.80004882813,27683.066526073617,,,,,,,,-3276.80004882813,,,,,,,,,30447.028802047997,,,,,,,0.06786809815950316,,ABB00240,SS Moretti
2022-03-07,,,,,,,,,,,,,-3276.80004882813,27686.324194785277,,,,,,,,-3276.80004882813,,,,,,,,,30447.028802047997,,,,,,,0.06786809815957895,,ABB00240,SS Moretti
2022-03-08,,,,,,,,,,,,,-3276.80004882813,27689.581863496933,,,,,,,,-3276.80004882813,,,,,,,,,30447.028802047997,,,,,,,0.06786809815950316,,ABB00240,SS Moretti
2022-03-09,,,,,,,,,,,,,-3276.80004882813,27692.83953220859,,,,,,,,-3276.80004882813,,,,,,,,,30447.028802047997,,,,,,,0.06786809815950316,,ABB00240,SS Moretti
2022-03-10,,,,,,,,,,,,,-3276.80004882813,27696.09720092025,,,,,,,,-3276.80004882813,,,,,,,,,30447.028802047997,,,,,,,0.06786809815950316,,ABB00240,SS Moretti
2022-03-11,,,,,,,,,,,,,-3276.80004882813,27699.3548696319,,,,,,,,-3276.80004882813,,,,,,,,,30447.028802047997,,,,,,,0.06786809815950316,,ABB00240,SS Moretti
2022-03-12,1807.0,23.5,20.0,30447.741679244,89.2000013291836,462.0,0.400000005960464,164.250002447516,90.0,59.5,40.0,452.0,-3207.0808988530634,27705.830368184033,132.900001980364,101.5,414.0,235.450003508478,455.0,85.0,31.0,-3206.2660052238994,0.600000008940697,,,,,,,,30447.5418442236,,,0.003191233546803755,1678.0,671.2,208.0043237192917,0.3180037819715545,10.0,ABB00240,SS Moretti
2022-03-13,1804.4,23.5,24.0,30449.83451416294,89.2000013291836,461.0,0.3800000056624412,168.1600025057794,91.2,64.1,41.4,453.2,-2928.2042989527968,27785.257933194356,134.6400020062922,101.5,427.0,239.77000357285138,451.2,85.0,32.2,-2924.1234478281576,0.7400000110268592,,,,,,,,30450.18727581197,,,0.016611518411314426,1678.0,694.692,203.91108739330124,2.0574307764736854,11.4,ABB00240,SS Moretti
2022-03-14,,,,,,,,,,,,,-3276.80004882813,27813.425389273354,,,,,,,,-3276.80004882813,,,,,,,,,30451.051027488003,,,,,,,0.03243944636680377,,ABB00240,SS Moretti
2022-03-15,,,,,,,,,,,,,-3276.80004882813,27814.982482698964,,,,,,,,-3276.80004882813,,,,,,,,,30451.051027488003,,,,,,,0.03243944636680377,,ABB00240,SS Moretti
2022-03-16,,,,,,,,,,,,,-3276.80004882813,27816.53957612457,,,,,,,,-3276.80004882813,,,,,,,,,30451.13779246256,,,1.580850418273864e-05,,,,0.032439446366727985,,ABB00240,SS Moretti
2022-03-17,,,,,,,,,,,,,-3276.80004882813,27818.096669550174,,,,,,,,-3276.80004882813,,,,,,,,,30451.25769432,,,,,,,0.03243944636680377,,ABB00240,SS Moretti
2022-03-18,,,,,,,,,,,,,-3276.80004882813,27819.65376297578,,,,,,,,-3276.80004882813,,,,,,,,,30451.257735169707,,,4.0849704419088084e-06,,,,0.03243944636680377,,ABB00240,SS Moretti
2022-03-19,1774.8,23.5,24.5,30452.5256273129,86.960001295805,279.8,0.2200000032782552,50.250000748783336,80.8,10.3,16.4,249.2,-2935.466710408533,27835.92688367482,78.06000116318464,101.4,430.4,177.91000265106558,476.6,75.8,29.6,-2931.781293686949,0.520000007748604,,,,,,,,30452.747792870465,,,0.015275747514351679,1678.0,275.192,160.39219870296523,0.5640989893148193,33.8,ABB00240,SS Moretti
2022-03-20,,,,,,,,,,,,,-3276.80004882813,27849.505617977527,,,,,,,,-3276.80004882813,,,,,,,,,30453.753299686246,,,4.553737653623102e-06,,,,0.0842696629213151,,ABB00240,SS Moretti
2022-03-21,1804.75,23.458333333333332,43.166666666666664,30456.91687138059,89.20000132918362,405.75,0.4333333397905031,122.56250182632367,88.08333333333333,39.125,31.583333333333332,405.0,-2457.6000366210974,27953.211043995605,114.86666837831332,102.0,493.7916666666667,211.458336484308,459.0416666666667,82.41666666666667,30.0,-2448.368786483541,0.8083333453784386,,,,,,,,30457.478500753834,,,0.04090809400342247,1678.0,529.9683333333334,196.16809580657284,3.717009383495906,6.75,ABB00240,SS Moretti
2022-03-22,,,,,,,,,,,,,-3276.80004882813,28034.698604060915,,,,,,,,-3276.80004882813,,,,,,,,,30460.137701424,,,,,,,0.20050761421316565,,ABB00240,SS Moretti
2022-03-23,,,,,,,,,,,,,-3276.80004882813,28044.322969543147,,,,,,,,-3276.80004882813,,,,,,,,,30460.137701424,,,,,,,0.20050761421324145,,ABB00240,SS Moretti
2022-03-24,,,,,,,,,,,,,-3276.80004882813,28053.947335025383,,,,,,,,-3276.80004882813,,,,,,,,,30460.137701424,,,,,,,0.20050761421316565,,ABB00240,SS Moretti
2022-03-25,,,,,,,,,,,,,-3276.80004882813,28061.767131979694,,,,,,,,-3276.80004882813,,,,,,,,,30460.137701424,,,,,,,0.2005076142132263,,ABB00240,SS Moretti
2022-03-26,1806.0,23.5,36.5,30463.007635254402,89.2000013291836,460.6,0.4800000071525575,172.0000025629996,91.6,67.5,42.0,462.6,,28106.65,136.25000203028338,101.0,456.3,242.0700036071242,447.5,85.2,31.4,37.78000056296588,0.9200000137090679,,,,,,,,30464.376492693817,,,0.27267698581781585,1678.0,704.76,205.14621570744475,23.75,2.4,ABB00240,SS Moretti
2022-03-27,1805.53125,23.5,23.760416666666668,30476.257719367146,89.20000132918362,446.7291666666667,0.408333339417974,154.48021063526778,91.33333333333333,57.645833333333336,39.0625,442.2083333333333,,28724.841145833332,128.7562519186177,101.41666666666667,409.7291666666667,230.91979510763974,449.0520833333333,84.91666666666667,30.604166666666668,36.39791720903789,0.8395833458441001,,,,,,,,30477.995779354704,,,0.2854717403718799,1678.0,655.46875,199.2318353870135,20.3671875,8.020833333333334,ABB00240,SS Moretti
2022-03-28,1804.90625,23.5,27.552083333333332,30500.258090559815,89.20000132918362,421.9166666666667,0.36250000540167066,133.32916865342608,90.70833333333333,46.177083333333336,34.5,418.2708333333333,,29543.40625,119.53125178115442,101.75,411.9166666666667,218.60625325748688,451.1770833333333,84.4375,29.6875,37.62500056065618,0.7791666782771546,,,,,,,,30500.211742469935,,,0.35776807125951865,1678.0,578.91,195.67879208393015,17.7578125,10.145833333333334,ABB00240,SS Moretti
2022-03-29,1806.607142857143,23.5,32.42857142857143,30515.758377600916,89.2000013291836,480.42857142857144,0.45714286395481657,179.15714552679228,91.64285714285714,70.57142857142857,43.714285714285715,467.35714285714283,-2321.066701253259,30277.794794748523,139.2750020753592,101.60714285714286,404.9642857142857,247.13928939694807,446.67857142857144,85.28571428571429,32.0,-2309.300034411255,1.0142857293997485,,,,,,,,30517.978264492278,,,0.06909566251169963,1678.0,733.5257142857143,207.0557421007132,6.5234683185404565,13.071428571428571,ABB00240,SS Moretti
2022-03-30,,,,,,,,,,,,,-3276.80004882813,30327.759615384613,,,,,,,,-3276.80004882813,,,,,,,,,30519.29108208,,,,,,,0.04289940828402905,,ABB00240,SS Moretti
2022-03-31,,,,,,,,,,,,,-3276.80004882813,30329.818786982247,,,,,,,,-3276.80004882813,,,,,,,,,30519.291106085508,,,2.400550708140751e-06,,,,0.04289940828402905,,ABB00240,SS Moretti
2022-04-01,1805.3,23.5,53.0,30521.62890188986,89.2000013291836,289.5,0.28000000417232485,41.33000061586497,84.3,13.4,12.3,252.625,-2594.1333719889362,30336.783052884613,75.28000112175941,102.0,413.1,183.29000273123378,469.95,78.9,27.0,-2587.222955219296,0.4200000062584876,,,,,,,,30519.793946410286,,,0.03331165599161068,1678.0,206.394,170.06332196203115,1.1277120315581517,40.0,ABB00240,SS Moretti
2022-04-02,1805.25,23.5,54.361111111111114,30528.628978181005,89.2000013291836,295.3333333333333,0.3111111157470276,40.73055616248811,88.0,11.722222222222221,12.222222222222221,253.76923076923077,-1994.573942764949,30460.31739130435,74.97500111721456,102.02777777777777,408.52777777777777,183.94722496324943,459.30555555555554,81.94444444444444,26.944444444444443,-1981.5087251789575,0.43888889542884285,,,,,,,,30531.9391045293,,,0.06533149351913459,1678.0,205.0888888888889,168.8337705003618,2.1540760869565534,41.30769230769231,ABB00240,SS Moretti
2022-04-03,1805.1851851851852,23.77777777777778,41.666666666666664,30540.72013446097,89.2000013291836,303.51851851851853,0.3074074119881344,42.48148211450487,87.29629629629629,12.185185185185185,12.777777777777779,260.2083333333333,-1433.6000213623067,30530.32734375,76.15000113472342,101.72222222222223,422.8888888888889,183.58889162457655,460.74074074074076,81.5925925925926,26.77777777777778,-1414.856271083003,0.40370370971935726,,,,,,,,30537.92218549996,,,0.09327898826578955,1678.0,214.41111111111113,168.37849740471307,3.279427083333303,41.958333333333336,ABB00240,SS Moretti
2022-04-04,1805.6145833333333,23.5,50.65625,30559.470351856,89.20000132918362,334.0,0.3270833382072545,66.68020932694586,89.1875,22.177083333333332,18.25,299.0625,,30788.377604166668,87.485417970301,101.51041666666667,415.875,194.39062789664607,455.7291666666667,83.0,27.9375,34.69791718370592,0.42500000633299323,,,,,,,,30559.76055817932,,,0.17959497901559493,1678.0,306.23499999999996,176.24082415751147,9.130208333333334,35.729166666666664,ABB00240,SS Moretti
2022-04-05,1799.2926829268292,23.5,54.13414634146341,30581.672498871238,88.74146473698502,441.8780487804878,0.33414634644258295,157.67805113007387,90.51219512195122,57.21951219512195,39.24390243902439,436.0487804878049,-477.8666737874357,31590.27734375,129.6524409563621,101.51219512195122,403.390243902439,231.83171077163476,449.4878048780488,84.04878048780488,29.829268292682926,-446.4958399866405,0.4487804944922283,,,,,,,,30584.25725574391,,,0.23451115990481716,1677.037073170732,658.2623219512195,201.54354532359852,17.486979166666668,7.487804878048781,ABB00240,SS Moretti
2022-04-06,1804.8333333333333,23.5,60.697916666666664,30603.642242960854,89.20833466264111,446.0208333333333,0.30833333792785783,161.0125023992732,91.29166666666667,58.333333333333336,40.479166666666664,447.1041666666667,,32361.140625,131.47187695908363,101.63541666666667,401.0208333333333,233.97604515318142,448.2604166666667,84.89583333333333,30.208333333333332,39.166667250295475,0.4458333399767676,,,,,,,,30603.878796835004,,,0.2866945851944062,1678.0,679.2404166666666,199.99261016546578,21.463541666666668,6.458333333333333,ABB00240,SS Moretti
2022-04-07,1806.0,23.5,68.0,30616.142640163,89.2000013291836,507.0,0.400000005960464,220.825003290549,93.0,89.5,52.0,510.0,-3137.361748877997,32989.7104273661,156.90000233799202,101.5,387.5,269.2000040113925,441.75,86.5,32.5,-3135.538344595507,0.600000008940697,,,,,,,,30616.922461734815,,,0.006010344612924258,1678.0,872.56,215.08694033445204,1.1537967718268578,3.0,ABB00240,SS Moretti
2022-04-08,1804.2857142857142,23.5,17.761904761904763,30622.794087001294,89.21904894851505,363.76190476190476,0.23333333681027074,89.20714418643286,89.0952380952381,30.476190476190474,23.714285714285715,333.7142857142857,-1812.6723674364575,33140.40148254081,98.59047765958874,101.5,418.6904761904762,199.2571458263057,456.8809523809524,82.95238095238095,28.761904761904763,-1796.0298139969748,0.35238095763183747,,,,,,,,30622.82081244294,,,0.0742131118814212,1678.0,397.9257142857143,184.93048099635902,5.047790661683781,34.333333333333336,ABB00240,SS Moretti
2022-04-09,,,,,,,,,,,,,-3276.80004882813,33242.1806640625,,,,,,,,-3276.80004882813,,,,,,,,,30627.920057872,,,,,,,0.056640625,,ABB00240,SS Moretti
2022-04-10,,,,,,,,,,,,,-3276.80004882813,33244.8994140625,,,,,,,,-3276.80004882813,,,,,,,,,30627.920057872,,,,,,,0.056640625,,ABB00240,SS Moretti
2022-04-11,1805.25,23.5,18.566666666666666,30635.727914260664,89.2000013291836,323.1666666666667,0.17666666929920494,49.47166740385195,88.33333333333333,13.3,14.5,268.73333333333335,-1185.146826170704,33304.924659242024,79.62166785312196,101.28333333333333,424.5,183.65500273667274,459.55,82.63333333333334,28.733333333333334,-1162.123421572309,0.28666667093833254,,,,,,,,30633.021818225807,,,0.10557491038127138,1678.0,243.31,172.60190578397336,4.19867852393617,54.43333333333333,ABB00240,SS Moretti
2022-04-12,1805.340909090909,23.5,18.431818181818183,30648.72820778012,89.2000013291836,324.77272727272725,0.100000001490116,52.6704553303055,88.36363636363636,14.363636363636363,15.272727272727273,273.3181818181818,-1774.8312764470493,33555.49380052861,81.23181939226662,101.0,423.59090909090907,185.14318457703013,458.9318181818182,82.4090909090909,28.272727272727273,-1758.1958595324957,0.23181818527254164,,,,,,,,30651.756020787827,,,0.0810872811181677,1678.0,256.2763636363636,174.61644601405848,3.094274720149315,51.45454545454545,ABB00240,SS Moretti
2022-04-13,,,,,,,,,,,,,-3276.80004882813,33595.10960820896,,,,,,,,-3276.80004882813,,,,,,,,,30654.27343729866,,,3.1928505753361e-06,,,,0.12593283582085255,,ABB00240,SS Moretti
2022-04-14,,,,,,,,,,,,,-3276.80004882813,33601.091417910444,,,,,,,,-3276.80004882813,,,,,,,,,30654.34814092976,,,2.335906832199048e-05,,,,0.1259328358208493,,ABB00240,SS Moretti
2022-04-15,1806.9444444444443,23.5,16.833333333333332,30657.13825764229,89.2000013291836,427.44444444444446,0.2555555593636298,147.70000220090157,91.22222222222223,54.27777777777778,36.666666666666664,430.77777777777777,-2649.3276990525305,33705.90180908009,125.38889075732898,101.55555555555556,418.05555555555554,229.86111453630843,449.8333333333333,85.11111111111111,30.0,-2641.991528730447,0.3777777834071052,,,,,,,,30657.66547897703,,,0.03039814415774828,1678.0,615.2666666666667,201.8643595033122,3.3948090185698905,6.666666666666667,ABB00240,SS Moretti
2022-04-16,,,,,,,,,,,,,-3276.80004882813,33765.12320026178,,,,,,,,-3276.80004882813,,,,,,,,,30659.34674968,,,,,,,0.06184554973818498,,ABB00240,SS Moretti
2022-04-17,,,,,,,,,,,,,-3276.80004882813,33768.09178664922,,,,,,,,-3276.80004882813,,,,,,,,,30659.34674968,,,,,,,0.06184554973818498,,ABB00240,SS Moretti
2022-04-18,,,,,,,,,,,,,-3276.80004882813,33771.06037303665,,,,,,,,-3276.80004882813,,,,,,,,,30659.34674968,,,,,,,0.06184554973833656,,ABB00240,SS Moretti
2022-04-19,,,,,,,,,,,,,-3276.80004882813,33774.02895942408,,,,,,,,-3276.80004882813,,,,,,,,,30659.34674968,,,,,,,0.06184554973818498,,ABB00240,SS Moretti
2022-04-20,,,,,,,,,,,,,-3276.80004882813,33776.997545811515,,,,,,,,-3276.80004882813,,,,,,,,,30659.34674968,,,,,,,0.06184554973818498,,ABB00240,SS Moretti
2022-04-21,,,,,,,,,,,,,-3276.80004882813,33779.966132198955,,,,,,,,-3276.80004882813,,,,,,,,,30659.34674968,,,,,,,0.06184554973818498,,ABB00240,SS Moretti
2022-04-22,,,,,,,,,,,,,-3276.80004882813,33782.93471858639,,,,,,,,-3276.80004882813,,,,,,,,,30659.34674968,,,,,,,0.06184554973818498,,ABB00240,SS Moretti
2022-04-23,1804.5,23.5,14.75,30661.293831778352,89.20000132918362,384.0,0.3333333383003867,113.17500168643899,90.16666666666667,31.666666666666668,29.5,400.1666666666667,-2858.48514897773,33826.68680496499,110.3416683108855,100.75,412.5,205.2333363915483,451.4166666666667,84.16666666666667,28.833333333333332,-2853.8894042283973,0.4333333397905032,,,,,,,,30661.257182724486,,,0.021578312883146746,1678.0,495.01,194.3353329959688,1.7607953727275982,16.166666666666668,ABB00240,SS Moretti
2022-04-24,,,,,,,,,,,,,-3276.80004882813,33874.443597560974,,,,,,,,-3276.80004882813,,,,,,,,,30662.895641408,,,,,,,0.30792682926842946,,ABB00240,SS Moretti
2022-04-25,1804.4,23.5,15.7,30665.01956608254,89.2000013291836,453.0,0.38000000566244097,166.110002475232,91.2,62.7,40.8,455.2,-2920.626130477246,33947.27331875221,133.59000199064602,102.0,416.0,238.0900035478174,449.2,85.2,31.4,-2916.3109130216403,0.5200000077486038,,,,,,,,30665.31474449977,,,0.017269394997998934,1678.0,684.624,205.00701934854357,2.0651503770472037,4.6,ABB00240,SS Moretti
2022-04-26,,,,,,,,,,,,,-3276.80004882813,33981.231944444444,,,,,,,,-3276.80004882813,,,,,,,,,30666.2334720618,,,4.938275702038987e-06,,,,0.19305555555555556,,ABB00240,SS Moretti
2022-04-27,1805.642857142857,23.5,15.071428571428571,30670.434090026032,89.22857275818077,431.14285714285717,0.3500000052154061,140.16428780289627,90.5,45.67857142857143,35.642857142857146,435.64285714285717,-2300.7319491771977,34045.72693452381,122.58571611238379,101.5,417.2857142857143,220.2107175671097,450.67857142857144,84.35714285714286,30.928571428571427,-2289.1042894294637,0.4857142929519926,,,,,,,,30670.636911303376,,,0.04929028304847653,1678.0,598.0871428571428,198.2506599465182,13.158569739952695,9.928571428571429,ABB00240,SS Moretti
2022-04-28,,,,,,,,,,,,,-3276.80004882813,,,,,,,,,-3276.80004882813,,,,,,,,,30674.01342808,,,,,,,18.875,,ABB00240,SS Moretti
2022-04-29,,,,,,,,,,,,,-3276.80004882813,,,,,,,,,-3276.80004882813,,,,,,,,,,,,,,,,18.875,,ABB00240,SS Moretti
