Timestamp,EXH_L,Load,Fuel Filter Differential Pressure [kPa],Total_Fuel,Fuel_Rate,RPM,Oil Filter Differential Pressure [kPa],Coolant_Temp,Boost,EXH_R,Batt,Throttle Position [%],Oil_Press,SMH,Run Status,Cumulative Fuel Used Daily [L],Cumulative Idle Fuel Usage [L],Cumulative Idle Time [Hrs],Cumulative Max Fuel Usage [L],EVENT_STATS,DIAG_STATS,SMH_DIFF,MaxPower,RealPower,BSFC,Total_Fuel_DIFF,EXH_DIFF,Asset,Site
2021-07-01,449.875,41.75,,2782580.9572109375,,1802.6875,,,53.5625,406.75,,79.25000118091701,462.1666666666667,21491.197192944,,,,,,,,0.09000007199999042,1632.0,681.36,,170.10686187500445,44.625,SLM00575,Fernando de Noronha
2021-07-02,304.27777777777777,26.38888888888889,,2785239.3796775,,1799.0555555555557,,,20.11111111111111,301.3888888888889,,77.222223372923,469.80555555555554,21504.057203232,,,,,,,,0.7600006080000539,1632.0,430.6666666666667,,96.58053013886739,8.222222222222221,SLM00575,Fernando de Noronha
2021-07-03,306.5833333333333,26.291666666666668,,2787255.3273749477,,1796.3333333333333,,,19.479166666666668,303.0,,76.63333447525896,468.6458333333333,21524.0172192,,,,,,,,0.9600007680000999,1632.0,429.08,,96.62653338542441,7.083333333333333,SLM00575,Fernando de Noronha
2021-07-04,307.9,26.45,,2789378.607218438,,1795.675,,,19.4,304.1,,76.52000114023686,468.225,21545.977236768,,,,,,,,0.9600007680000999,1632.0,431.66400000000004,,96.95381362501067,5.4,SLM00575,Fernando de Noronha
2021-07-05,,,,,,,,,,,,,,,,,,,,,,,,,,,,SLM00575,Fernando de Noronha
2021-07-06,216.0,19.0,,2790411.19609,,1797.5,,,2.0,185.0,,75.6000011265278,671.5,21557.537246016,,,,,,,,0.0400000320005347,1632.0,310.08,,73.81549499975517,31.0,SLM00575,Fernando de Noronha
2021-07-07,385.9,33.3,,2791097.96409925,,1803.6,,,30.6,358.9,,78.2800011664629,480.6,21563.921251123196,,,,,,,,0.45600036480027484,1632.0,543.4559999999999,,127.04782312498428,27.0,SLM00575,Fernando de Noronha
2021-07-08,334.3333333333333,28.958333333333332,,2792975.121316302,,1802.5,,,22.8125,324.625,,78.05000116303563,479.9583333333333,21579.0172632,,,,,,,,0.9600007680000999,1632.0,472.59999999999997,,114.44950546875286,12.541666666666666,SLM00575,Fernando de Noronha
2021-07-09,360.8333333333333,30.625,,2795871.866887448,,1803.7708333333333,,,24.458333333333332,337.5833333333333,,78.43333450208108,475.4375,21603.0172824,,,,,,,,0.9600007680000999,1632.0,499.8,,118.60951333333894,25.25,SLM00575,Fernando de Noronha
2021-07-10,367.8333333333333,31.625,,2798757.9659929685,,1801.4583333333333,,,24.333333333333332,341.7916666666667,,78.26666783293088,476.25,21627.0173016,,,,,,,,0.9600007680000999,1632.0,516.12,,126.04232359374873,26.041666666666668,SLM00575,Fernando de Noronha
2021-07-11,404.8333333333333,34.958333333333336,,2802029.1517032813,,1799.125,,,33.4375,369.1666666666667,,77.95000116154552,474.5833333333333,21651.0173208,,,,,,,,0.9600007680000999,1632.0,570.52,,137.3985535937439,36.916666666666664,SLM00575,Fernando de Noronha
2021-07-12,347.4166666666667,29.666666666666668,,2804970.139253802,,1800.9583333333333,,,22.520833333333332,328.0416666666667,,77.6833344909052,475.7708333333333,21675.007339992,,,,,,,,0.9550007639998815,1632.0,484.16,,113.0496923958417,23.125,SLM00575,Fernando de Noronha
2021-07-13,384.3181818181818,32.81818181818182,,2807688.409554318,,1796.6818181818182,,,29.204545454545453,352.5,,77.40000115334986,474.9318181818182,21698.580995214546,,,,,,,,0.9254552858181507,1632.0,535.5927272727272,,133.97340278407898,31.818181818181817,SLM00575,Fernando de Noronha
2021-07-14,348.875,29.0,,2810630.312987656,,1800.3541666666667,,,20.791666666666668,325.375,,77.50000115483998,474.9583333333333,21722.0173776,,,,,,,,0.9600007680000999,1632.0,473.28,,112.87225130210088,23.5,SLM00575,Fernando de Noronha
2021-07-15,360.14285714285717,29.666666666666668,,2813241.792427083,,1800.5238095238096,,,22.238095238095237,334.8095238095238,,77.6000011563301,474.26190476190476,21744.457395552,,,,,,,,0.96000076799984,1632.0,484.16,,118.9474963690376,25.333333333333332,SLM00575,Fernando de Noronha
2021-07-16,,,,,,,,,,,,,,,,,,,,,,,,,,,,SLM00575,Fernando de Noronha
2021-07-17,354.9130434782609,29.17391304347826,,2815796.772736413,,1795.891304347826,,,20.934782608695652,329.4782608695652,,76.88695766744407,475.5869565217391,21767.596544498087,,,,,,,,0.777391926260822,1632.0,476.1182608695652,,113.768028804344,25.956521739130434,SLM00575,Fernando de Noronha
2021-07-18,,,,,,,,,,,,,,,,,,,,,,,,,,,,SLM00575,Fernando de Noronha
2021-07-19,,,,,,,,,,,,,,,,,,,,,,,,,,,,SLM00575,Fernando de Noronha
2021-07-20,,,,,,,,,,,,,,,,,,,,,,,,,,,,SLM00575,Fernando de Noronha
2021-07-21,,,,,,,,,,,,,,,,,,,,,,,,,,,,SLM00575,Fernando de Noronha
2021-07-22,340.375,29.75,,2817559.0328164063,,1804.25,,,21.1875,324.875,,78.40000116825104,476.6875,21783.977427168,,,,,,,,0.3200002560001849,1632.0,485.52,,108.29821421875386,18.25,SLM00575,Fernando de Noronha
2021-07-23,,,,,,,,,,,,,,,,,,,,,,,,,,,,SLM00575,Fernando de Noronha
2021-07-24,,,,,,,,,,,,,,,,,,,,,,,,,,,,SLM00575,Fernando de Noronha
2021-07-25,348.3,29.0,,2818522.7863729997,,1806.6,,,21.6,323.2,,78.4800011694431,477.3,21792.9214343232,,,,,,,,0.45600036480027484,1632.0,473.28000000000003,,110.81787775000558,25.1,SLM00575,Fernando de Noronha
2021-07-26,417.0833333333333,37.583333333333336,,2820584.8372097393,,1803.9166666666667,,,45.75,377.0416666666667,,78.93333450953163,471.5625,21808.0174464,,,,,,,,0.9600007680000999,1632.0,613.36,,157.13394635417112,40.041666666666664,SLM00575,Fernando de Noronha
2021-07-27,458.75,44.0,,2825412.831929583,,1800.2291666666667,,,64.41666666666667,413.5,,78.85000117495657,469.1041666666667,21832.007465592,,,,,,,,0.9550007639998815,1632.0,718.0799999999999,,179.21550468749288,46.833333333333336,SLM00575,Fernando de Noronha
2021-07-28,307.5217391304348,26.608695652173914,,2828258.157300489,,1804.608695652174,,,17.152173913043477,307.5217391304348,,78.0000011622906,475.7608695652174,21855.267918982954,,,,,,,,0.9252181314782912,1632.0,434.2539130434783,,94.86155168479308,7.565217391304348,SLM00575,Fernando de Noronha
2021-07-29,301.5416666666667,26.208333333333332,,2830503.932360104,,1803.3958333333333,,,17.25,306.5416666666667,,78.00000116229059,475.1458333333333,21879.0175032,,,,,,,,0.9600007680000999,1632.0,427.72,,96.42937661457108,9.166666666666666,SLM00575,Fernando de Noronha
2021-07-30,413.9166666666667,38.583333333333336,,2833116.2792893224,,1802.125,,,49.083333333333336,379.8333333333333,,78.55000117048621,470.4166666666667,21903.0175224,,,,,,,,0.9600007680000999,1632.0,629.68,,157.37053447917182,36.916666666666664,SLM00575,Fernando de Noronha
2021-07-31,364.9583333333333,31.458333333333332,,2836964.2668483853,,1806.9375,,,31.979166666666668,337.8333333333333,,78.91666784261663,471.9166666666667,21927.0175416,,,,,,,,0.9600007679999484,1632.0,513.4,,120.34449291665806,30.458333333333332,SLM00575,Fernando de Noronha
2021-08-01,346.2083333333333,29.0,,2839635.957965625,,1803.5833333333333,,,23.458333333333332,321.9583333333333,,78.15000116452576,472.8125,21951.0175608,,,,,,,,0.9600007680000999,1632.0,473.28,,110.70352682292771,24.25,SLM00575,Fernando de Noronha
2021-08-02,353.125,29.208333333333332,,2842346.9227116145,,1802.875,,,23.6875,327.7083333333333,,78.06666782995067,472.0208333333333,21975.027580007998,,,,,,,,0.9650007720000152,1632.0,476.68,,115.23813255208854,25.416666666666668,SLM00575,Fernando de Noronha
2021-08-03,350.1666666666667,29.125,,2845085.824572031,,1803.3333333333333,,,23.5625,326.6666666666667,,78.01666782920562,471.8958333333333,21999.667599720004,,,,,,,,0.9933341280000908,1632.0,475.32,,112.18220260415303,23.5,SLM00575,Fernando de Noronha
2021-08-04,326.8333333333333,27.625,,2847669.5443381253,,1801.6041666666667,,,20.979166666666668,316.0833333333333,,77.73333449165025,472.7083333333333,22023.950952479998,,,,,,,,0.9333340800000466,1632.0,450.84,,103.15242249999817,13.0,SLM00575,Fernando de Noronha
2021-08-05,330.5882352941176,27.705882352941178,,2849784.4055875,,1797.9705882352941,,,21.352941176470587,316.8235294117647,,77.2000011503696,472.79411764705884,22042.417633920002,,,,,,,,0.8000006399999942,1632.0,452.15999999999997,,100.98137852941257,13.764705882352942,SLM00575,Fernando de Noronha
2021-08-06,353.75,30.75,,2850951.021631875,,1801.875,,,29.625,340.75,,78.00000116229054,490.125,22052.617642079997,,,,,,,,0.24000019200047973,1632.0,501.84000000000003,,162.7726300000213,40.0,SLM00575,Fernando de Noronha
2021-08-07,420.3333333333333,37.666666666666664,,2851478.3765625,,1801.3333333333333,,,55.166666666666664,383.0,,77.8666678269704,523.0,22054.497643583996,,,,,,,,0.2400001920007829,1632.0,614.7199999999999,,123.18355041664715,61.333333333333336,SLM00575,Fernando de Noronha
2021-08-08,,,,,,,,,,,,,,,,,,,,,,,,,,,,SLM00575,Fernando de Noronha
2021-08-09,,,,,,,,,,,,,,,,,,,,,,,,,,,,SLM00575,Fernando de Noronha
2021-08-10,,,,,,,,,,,,,,,,,,,,,,,,,,,,SLM00575,Fernando de Noronha
2021-08-11,286.0,24.0,,2851732.7087968746,,1800.0,,,13.75,289.5,,77.2000011503696,477.0,22059.397647504,,,,,,,,0.12000009599978512,1632.0,391.68,,117.11112187500112,10.5,SLM00575,Fernando de Noronha
2021-08-12,,,,,,,,,,,,,,,,,,,,,,,,,,,,SLM00575,Fernando de Noronha
2021-08-13,,,,,,,,,,,,,,,,,,,,,,,,,,,,SLM00575,Fernando de Noronha
2021-08-14,,,,,,,,,,,,,,,,,,,,,,,,,,,,SLM00575,Fernando de Noronha
2021-08-15,,,,,,,,,,,,,,,,,,,,,,,,,,,,SLM00575,Fernando de Noronha
2021-08-16,,,,,,,,,,,,,,,,,,,,,,,,,,,,SLM00575,Fernando de Noronha
2021-08-17,,,,,,,,,,,,,,,,,,,,,,,,,,,,SLM00575,Fernando de Noronha
2021-08-18,415.5625,35.5,,2853084.5141960937,,1805.28125,,,32.21875,377.3125,,79.15000117942694,468.6875,22072.082657651998,,,,,,,,0.6300005040000087,1632.0,579.36,,154.6990602343867,38.25,SLM00575,Fernando de Noronha
2021-08-19,417.0416666666667,35.458333333333336,,2856166.74485724,,1806.25,,,32.875,379.9583333333333,,79.1333345125119,465.3958333333333,22090.017671999998,,,,,,,,0.9600007680000999,1632.0,578.68,,153.84142828125428,37.083333333333336,SLM00575,Fernando de Noronha
2021-08-20,429.0833333333333,37.166666666666664,,2859942.987067396,,1806.0625,,,35.6875,389.125,,79.16666784634192,464.6666666666667,22114.0176912,,,,,,,,0.9600007680000999,1632.0,606.5600000000001,,155.49754515623985,39.958333333333336,SLM00575,Fernando de Noronha
2021-08-21,385.8333333333333,32.875,,2863424.893934375,,1805.5416666666667,,,28.083333333333332,354.7083333333333,,78.70000117272137,465.7916666666667,22138.0177104,,,,,,,,0.9600007680000999,1632.0,536.52,,134.0666041666797,31.125,SLM00575,Fernando de Noronha
2021-08-22,426.0,37.666666666666664,,2866699.766476302,,1802.625,,,39.666666666666664,385.875,,78.68333450580634,463.4583333333333,22162.0177296,,,,,,,,0.9600007680000999,1632.0,614.72,,161.254522864571,40.125,SLM00575,Fernando de Noronha
2021-08-23,495.4583333333333,46.125,,2871531.4283120832,,1802.7083333333333,,,70.35416666666667,440.5833333333333,,79.75000118836762,460.4375,22186.0177488,,,,,,,,0.9600007679999484,1632.0,752.7600000000001,,199.24663260416128,57.375,SLM00575,Fernando de Noronha
2021-08-24,306.0,26.875,,2874811.7029495314,,1812.5416666666667,,,17.833333333333332,310.7083333333333,,79.60000118613242,468.0208333333333,22210.017768,,,,,,,,0.9600007680000999,1632.0,438.59999999999997,,97.4151604687601,6.208333333333333,SLM00575,Fernando de Noronha
2021-08-25,312.7916666666667,26.791666666666668,,2877148.3655660935,,1800.6875,,,18.3125,314.5416666666667,,77.61666782324511,467.3333333333333,22234.017787200002,,,,,,,,0.9600007680000999,1632.0,437.24,,97.19828802083309,7.166666666666667,SLM00575,Fernando de Noronha
2021-08-26,311.875,26.5,,2879517.8547850004,,1799.25,,,18.270833333333332,315.125,,77.08333448196449,467.2916666666667,22258.017806400003,,,,,,,,0.9600007680000999,1632.0,432.48,,99.26843411457958,6.416666666666667,SLM00575,Fernando de Noronha
2021-08-27,317.5652173913044,26.82608695652174,,2881860.221232663,,1800.3478260869565,,,18.17391304347826,315.69565217391306,,77.32174028261845,467.0869565217391,22281.513477370438,,,,,,,,0.9652181634783514,1632.0,437.8017391304348,,104.07820211956277,6.739130434782608,SLM00575,Fernando de Noronha
2021-08-28,428.375,37.833333333333336,,2884631.273361979,,1799.25,,,44.166666666666664,391.25,,78.2166678321858,462.9166666666667,22305.667844519998,,,,,,,,0.9933341279999391,1632.0,617.4399999999999,,156.18759385416828,40.041666666666664,SLM00575,Fernando de Noronha
2021-08-29,387.9166666666667,32.916666666666664,,2888440.4801842184,,1799.875,,,30.666666666666668,359.0833333333333,,77.9333344946305,464.0208333333333,22330.017863999998,,,,,,,,0.9600007680000999,1632.0,537.1999999999999,,135.48613291666456,28.833333333333332,SLM00575,Fernando de Noronha
2021-08-30,385.5,32.5,,2891655.8113813545,,1805.7083333333333,,,27.541666666666668,356.0833333333333,,78.76666784038146,463.875,22354.0178832,,,,,,,,0.9600007680000999,1632.0,530.4,,132.5484970312488,29.416666666666668,SLM00575,Fernando de Noronha
2021-08-31,372.5416666666667,31.083333333333332,,2894770.888360521,,1805.5208333333333,,,24.1875,345.8333333333333,,78.85000117495656,464.1041666666667,22378.0179024,,,,,,,,0.9600007680000999,1632.0,507.28,,125.33255921876601,26.708333333333332,SLM00575,Fernando de Noronha
2021-09-01,371.4583333333333,30.5,,2897780.072438073,,1807.3333333333333,,,25.1875,344.2916666666667,,78.83333450804153,464.3958333333333,22401.801254759997,,,,,,,,0.873334032000154,1632.0,497.76,,126.27891171874944,27.166666666666668,SLM00575,Fernando de Noronha
2021-09-02,366.875,30.625,,2899786.0637185937,,1804.8125,,,23.75,340.25,,78.45000116899608,464.5625,22413.757930992,,,,,,,,0.44000035199997,1632.0,499.8,,117.70259218750289,26.625,SLM00575,Fernando de Noronha
2021-09-03,360.75,30.25,,2900722.479517344,,1799.3125,,,23.5625,338.5,,77.6000011563301,470.375,22426.96794156,,,,,,,,0.5800004640000225,1632.0,493.68,,121.07397296873387,22.25,SLM00575,Fernando de Noronha
2021-09-04,377.0416666666667,31.041666666666668,,2902767.862720677,,1798.8333333333333,,,25.4375,349.75,,77.56666782250005,466.4791666666667,22442.017953600003,,,,,,,,0.9600007680000999,1632.0,506.59999999999997,,124.74108890624484,27.291666666666668,SLM00575,Fernando de Noronha
2021-09-05,370.4583333333333,30.666666666666668,,2905623.32366401,,1805.8541666666667,,,24.479166666666668,341.6666666666667,,78.5500011704862,465.375,22466.017972800004,,,,,,,,0.9600007680000999,1632.0,500.48,,121.92174708332944,28.791666666666668,SLM00575,Fernando de Noronha
2021-09-06,399.875,33.75,,2908833.5485007814,,1801.6666666666667,,,28.375,367.2916666666667,,78.21666783218582,463.9375,22489.90132524,,,,,,,,0.9133340639999309,1632.0,550.8000000000001,,137.81258281250484,32.583333333333336,SLM00575,Fernando de Noronha
2021-09-07,371.2307692307692,31.076923076923077,,2911227.142409808,,1803.3461538461538,,,25.153846153846153,345.61538461538464,,78.21538578088467,465.46153846153845,22505.498004383997,,,,,,,,0.6800005439998551,1632.0,507.1753846153846,,120.36875836536862,25.615384615384617,SLM00575,Fernando de Noronha
2021-09-08,296.75,25.0,,2912190.2016712497,,1812.375,,,15.125,300.5,,79.10000117868185,477.125,22516.038012816,,,,,,,,0.12000009599978512,1632.0,408.0,,73.1057306251023,6.75,SLM00575,Fernando de Noronha
2021-09-09,288.5,24.333333333333332,,2912579.1525487504,,1802.5833333333333,,,17.666666666666668,299.3333333333333,,77.6000011563301,459.0,22521.978017568003,,,,,,,,0.24000019199957023,1632.0,397.12000000000006,,82.0172166666016,10.833333333333334,SLM00575,Fernando de Noronha
2021-09-10,486.0,41.666666666666664,,2913035.7676299997,,1796.3333333333333,,,50.166666666666664,428.3333333333333,,77.73333449165023,458.1666666666667,22524.578019648,,,,,,,,0.08000006399985675,1632.0,680.0,,156.62133875008053,57.666666666666664,SLM00575,Fernando de Noronha
2021-09-11,,,,,,,,,,,,,,,,,,,,,,,,,,,,SLM00575,Fernando de Noronha
2021-09-12,482.44444444444446,42.44444444444444,,2914042.5289645833,,1795.611111111111,,,53.833333333333336,426.0,,78.13333449761073,449.72222222222223,22532.81802624,,,,,,,,0.40000032000009217,1632.0,692.6933333333333,,192.16213263886877,56.44444444444444,SLM00575,Fernando de Noronha
2021-09-13,,,,,,,,,,,,,,,,,,,,,,,,,,,,SLM00575,Fernando de Noronha
2021-09-14,365.94736842105266,31.94736842105263,,2916020.6381270397,,1799.2631578947369,,,31.81578947368421,347.10526315789474,,77.70526431579339,449.86842105263156,22547.737336421054,,,,,,,,0.5684215073683605,1632.0,521.3810526315789,,129.40125236841604,22.736842105263158,SLM00575,Fernando de Noronha
2021-09-15,508.0,46.0,,2917506.81001625,,1797.5,,,62.0,449.0,,78.8000011742115,443.5,22553.0180424,,,,,,,,0.2000001600026735,1632.0,750.72,,182.64603250008076,59.0,SLM00575,Fernando de Noronha
2021-09-16,,,,,,,,,,,,,,,,,,,,,,,,,,,,SLM00575,Fernando de Noronha
2021-09-17,289.85714285714283,22.857142857142858,,2917948.351054107,,1810.7142857142858,,,15.714285714285714,299.7142857142857,,78.45714402624542,485.2857142857143,22559.258047392002,,,,,,,,0.28000022400010494,1632.0,373.0285714285714,,95.85198892859209,17.571428571428573,SLM00575,Fernando de Noronha
2021-09-18,370.1111111111111,31.333333333333332,,2918871.870922361,,1804.111111111111,,,25.27777777777778,346.8888888888889,,78.97777895463838,478.1666666666667,22570.524723071998,,,,,,,,0.5600004479998056,1632.0,511.35999999999996,,129.4399919444695,27.444444444444443,SLM00575,Fernando de Noronha
2021-09-19,432.9583333333333,38.541666666666664,,2921709.7191941664,,1800.1875,,,47.395833333333336,393.2916666666667,,78.58333450431623,474.1041666666667,22586.0180688,,,,,,,,0.9600007680000999,1632.0,629.0,,163.0683651562431,40.666666666666664,SLM00575,Fernando de Noronha
2021-09-20,312.0416666666667,26.208333333333332,,2924552.0889279167,,1807.125,,,18.0625,314.5833333333333,,78.400001168251,476.5416666666667,22610.018088,,,,,,,,0.9600007679999484,1632.0,427.72,,97.11942531249952,2.9583333333333335,SLM00575,Fernando de Noronha
2021-09-21,313.7083333333333,26.333333333333332,,2926887.765760625,,1805.1041666666667,,,17.5625,317.0833333333333,,78.18333449835578,475.8333333333333,22634.018107199998,,,,,,,,0.9600007680000999,1632.0,429.76,,96.88283718749881,6.791666666666667,SLM00575,Fernando de Noronha
2021-09-22,311.9166666666667,26.333333333333332,,2929187.4614826567,,1798.5208333333333,,,19.208333333333332,313.5416666666667,,76.90000114589931,475.6041666666667,22658.0181264,,,,,,,,0.9600007680000999,1632.0,429.76,,94.49724026041804,6.125,SLM00575,Fernando de Noronha
2021-09-23,316.5,26.818181818181817,,2931385.478080966,,1795.3636363636363,,,19.5,318.09090909090907,,76.56363750452344,474.1818181818182,22680.89269015418,,,,,,,,0.8981825367273731,1632.0,437.67272727272723,,95.3019983522721,9.863636363636363,SLM00575,Fernando de Noronha
2021-09-24,248.71428571428572,17.714285714285715,,2932626.2783291074,,1789.0,,,12.714285714285714,293.0,,74.57142968262949,477.0,22696.20101408914,,,,,,,,0.26285735314325265,1632.0,289.09714285714284,,57.795099107149454,44.285714285714285,SLM00575,Fernando de Noronha
2021-09-25,202.33333333333334,14.333333333333334,,2932926.6776512503,,1789.5,,,9.166666666666666,275.3333333333333,,74.4000011086464,521.1666666666666,22699.951493279998,,,,,,,,0.1600001279997135,1632.0,233.92,,62.45926500003164,73.0,SLM00575,Fernando de Noronha
2021-09-26,315.125,26.375,,2933389.029994531,,1809.0,,,19.0625,318.125,,78.8000011742115,479.1875,22705.46816436,,,,,,,,0.3400002719999975,1632.0,430.44,,96.23221984371776,3.25,SLM00575,Fernando de Noronha
2021-09-27,314.0,26.444444444444443,,2934207.933785972,,1808.4444444444443,,,19.444444444444443,318.55555555555554,,78.8000011742115,477.8333333333333,22709.698167744,,,,,,,,0.5200004160000794,1632.0,431.5733333333333,,92.37451902776957,4.555555555555555,SLM00575,Fernando de Noronha
2021-09-28,408.8181818181818,37.27272727272727,,2935358.846592273,,1801.909090909091,,,47.54545454545455,377.54545454545456,,78.58181935277852,474.22727272727275,22724.923634469815,,,,,,,,0.5272731490910122,1632.0,608.290909090909,,143.845580000007,39.09090909090909,SLM00575,Fernando de Noronha
2021-09-29,378.2916666666667,31.708333333333332,,2937622.2421681248,,1804.8333333333333,,,28.625,351.0833333333333,,78.56666783740121,473.3958333333333,22740.86819268,,,,,,,,0.9000007200000558,1632.0,517.48,,131.16839963541133,28.125,SLM00575,Fernando de Noronha
2021-09-30,549.7272727272727,49.0,,2940439.6841167044,,1798.3181818181818,,,70.77272727272727,476.0,,78.909092084928,460.8181818181818,22755.018204,,,,,,,,0.6000004800000831,1632.0,799.68,,204.71325215908954,73.72727272727273,SLM00575,Fernando de Noronha
2021-10-01,,,,,,,,,,,,,,,,,,,,,,,,,,,,SLM00575,Fernando de Noronha
2021-10-02,263.55555555555554,21.22222222222222,,2941892.5789616667,,1799.111111111111,,,14.277777777777779,288.44444444444446,,76.75555669930247,488.3888888888889,22768.284881279997,,,,,,,,0.51555596800002,1632.0,346.34666666666664,,69.13630763891463,25.555555555555557,SLM00575,Fernando de Noronha
2021-10-03,333.75,27.666666666666668,,2943357.71007276,,1799.7916666666667,,,21.3125,330.0,,77.2666678180297,475.0208333333333,22784.0182272,,,,,,,,0.9600007680000999,1632.0,451.52,,106.44494057291497,16.583333333333332,SLM00575,Fernando de Noronha
2021-10-04,408.5833333333333,35.208333333333336,,2946473.6348260418,,1802.375,,,35.791666666666664,376.9166666666667,,78.68333450580637,472.0,22807.948107455,,,,,,,,0.9319451900000786,1632.0,574.6,,135.58471130209122,34.25,SLM00575,Fernando de Noronha
2021-10-05,324.3478260869565,26.91304347826087,,2949148.311582554,,1807.695652173913,,,19.282608695652176,320.0869565217391,,78.76521856499755,474.54347826086956,22828.6849296,,,,,,,,0.7916672999999719,1632.0,439.2208695652174,,104.67481565216313,5.6521739130434785,SLM00575,Fernando de Noronha
2021-10-06,325.6,27.1,,2950929.756387875,,1806.1,,,21.05,321.6,,78.400001168251,474.4,22841.74744005,,,,,,,,0.7916672999999719,1632.0,442.27200000000005,,98.75188337499276,6.2,SLM00575,Fernando de Noronha
2021-10-07,297.2857142857143,24.714285714285715,,2952030.9659551787,,1803.642857142857,,,16.892857142857142,308.14285714285717,,77.8285725883075,478.4642857142857,22863.132576205713,,,,,,,,0.56000044799995,1632.0,403.33714285714285,,89.76829428571675,11.142857142857142,SLM00575,Fernando de Noronha
2021-10-08,348.0416666666667,29.75,,2953884.836704375,,1802.3125,,,27.958333333333332,338.4583333333333,,78.05000116303562,474.1458333333333,22880.018303999997,,,,,,,,0.9600007680000999,1632.0,485.52,,120.08818911458366,13.25,SLM00575,Fernando de Noronha
2021-10-09,486.25,43.416666666666664,,2957878.2668132815,,1802.4583333333333,,,56.229166666666664,430.7083333333333,,79.36666784932217,470.0416666666667,22904.018323199998,,,,,,,,0.9600007680000999,1632.0,708.56,,183.94726718750704,55.541666666666664,SLM00575,Fernando de Noronha
2021-10-10,416.375,36.75,,2961687.9270960935,,1804.8333333333333,,,36.0625,378.25,,79.06666784485184,471.625,22928.0183424,,,,,,,,0.9600007680000999,1632.0,599.76,,151.83042921874826,38.125,SLM00575,Fernando de Noronha
2021-10-11,398.75,33.958333333333336,,2965248.4995146357,,1803.4166666666667,,,33.145833333333336,365.1666666666667,,78.70000117272139,471.9583333333333,22952.0183616,,,,,,,,0.9600007680000999,1632.0,554.1999999999999,,134.8946626041628,33.583333333333336,SLM00575,Fernando de Noronha
2021-10-12,396.9583333333333,33.791666666666664,,2968404.4076610417,,1808.4791666666667,,,33.041666666666664,362.6666666666667,,79.18333451325694,471.6041666666667,22975.885047360003,,,,,,,,0.9066673919999934,1632.0,551.48,,135.76215239583203,34.291666666666664,SLM00575,Fernando de Noronha
2021-10-13,446.6666666666667,38.333333333333336,,2971422.7516421666,,1803.3666666666666,,,49.06666666666667,401.93333333333334,,79.28000118136406,472.6,22993.031727744,,,,,,,,0.6186671616002665,1632.0,625.6,,167.9460236666724,45.666666666666664,SLM00575,Fernando de Noronha
2021-10-14,360.57142857142856,29.214285714285715,,2973456.2175636603,,1795.7857142857142,,,22.464285714285715,334.7857142857143,,76.9714297183922,484.10714285714283,23010.818408640003,,,,,,,,0.6171433508570772,1632.0,476.77714285714285,,119.95017937500961,25.785714285714285,SLM00575,Fernando de Noronha
2021-10-15,385.625,32.625,,2975842.7185953646,,1804.125,,,24.604166666666668,355.2083333333333,,78.63333450506128,472.875,23028.018422399997,,,,,,,,0.9600007679999484,1632.0,532.4399999999999,,130.7543704166698,30.416666666666668,SLM00575,Fernando de Noronha
2021-10-16,393.375,33.333333333333336,,2979011.6390886456,,1803.5416666666667,,,27.375,362.1666666666667,,78.55000117048621,471.4375,23052.018441599997,,,,,,,,0.9600007680000999,1632.0,544.0,,130.41920390624242,31.208333333333332,SLM00575,Fernando de Noronha
2021-10-17,369.4166666666667,30.541666666666668,,2982034.7424342185,,1805.5,,,22.541666666666668,342.4583333333333,,78.83333450804155,471.9791666666667,23076.018460799998,,,,,,,,0.9600007680000999,1632.0,498.44,,120.93596322915982,26.958333333333332,SLM00575,Fernando de Noronha
2021-10-18,475.125,43.5,,2985439.44270974,,1797.1041666666667,,,50.625,418.3333333333333,,78.7166678396364,468.25,23100.01848,,,,,,,,0.9600007680000999,1632.0,709.9200000000001,,179.78725932292096,56.791666666666664,SLM00575,Fernando de Noronha
2021-10-19,392.6666666666667,34.416666666666664,,2989630.0887365104,,1805.2291666666667,,,35.541666666666664,362.3333333333333,,78.83333450804155,470.4166666666667,23123.90183244,,,,,,,,0.9133340640000824,1632.0,561.68,,138.9560920833416,31.583333333333332,SLM00575,Fernando de Noronha
2021-10-20,293.15384615384613,25.615384615384617,,2991727.1254972117,,1809.5384615384614,,,15.461538461538462,305.7692307692308,,78.92307809912243,473.7307692307692,23139.498511584003,,,,,,,,0.6800005440001349,1632.0,418.0430769230769,,90.88623817308017,12.76923076923077,SLM00575,Fernando de Noronha
2021-10-21,423.15384615384613,37.69230769230769,,2993209.877873846,,1799.076923076923,,,42.38461538461539,388.0769230769231,,78.18461654965692,483.38461538461536,23157.080064110767,,,,,,,,0.3723079901537858,1632.0,615.1384615384616,,161.8626756730776,42.30769230769231,SLM00575,Fernando de Noronha
2021-10-22,510.2857142857143,45.42857142857143,,2995051.5422357144,,1793.7142857142858,,,70.14285714285714,445.57142857142856,,78.11428687827927,464.42857142857144,23161.21852896,,,,,,,,0.4000003199996302,1632.0,741.3942857142857,,175.9539683928181,64.71428571428571,SLM00575,Fernando de Noronha
2021-10-23,299.5,25.75,,2995828.125856875,,1803.0,,,17.25,308.75,,78.0000011622906,488.375,23169.21853536,,,,,,,,0.48000038400004996,1632.0,420.24,,91.32301625004038,13.25,SLM00575,Fernando de Noronha
2021-10-24,312.0,25.375,,2996373.106602812,,1806.25,,,19.75,313.375,,78.15000116452575,471.75,23172.098537664,,,,,,,,0.48000038400004996,1632.0,414.12,,87.83334140625084,6.875,SLM00575,Fernando de Noronha
2021-10-25,,,,,,,,,,,,,,,,,,,,,,,,,,,,SLM00575,Fernando de Noronha
2021-10-26,,,,,,,,,,,,,,,,,,,,,,,,,,,,SLM00575,Fernando de Noronha
2021-10-27,556.0,51.0,,2996986.6979050003,,1798.5,,,93.33333333333333,483.6666666666667,,78.1333344976107,466.1666666666667,23180.738544575997,,,,,,,,0.12000009599917878,1632.0,832.32,,226.17824749990055,72.33333333333333,SLM00575,Fernando de Noronha
2021-10-28,374.5,31.833333333333332,,2997743.622179583,,1803.6666666666667,,,30.25,361.5,,78.73333450655142,474.5833333333333,23185.511881728,,,,,,,,0.24000019199957023,1632.0,519.52,,126.57464687502943,47.0,SLM00575,Fernando de Noronha
2021-10-29,507.75,45.0,,2998461.1151,,1794.25,,,56.75,441.5,,78.30000116676092,465.5,23187.098549664,,,,,,,,0.32000025600063964,1632.0,734.4,,160.05186656245496,66.25,SLM00575,Fernando de Noronha
2021-10-30,331.52941176470586,27.88235294117647,,2999747.5421542646,,1806.735294117647,,,21.264705882352942,321.88235294117646,,78.56470705305829,470.61764705882354,23203.635033481412,,,,,,,,0.5576475049411409,1632.0,455.04,,103.48642926471418,23.529411764705884,SLM00575,Fernando de Noronha
2021-10-31,303.29411764705884,24.823529411764707,,3001283.8062685295,,1800.3235294117646,,,18.323529411764707,307.52941176470586,,77.4823540957535,470.61764705882354,23217.983280254117,,,,,,,,0.7458829496471855,1632.0,405.12,,86.8695927205879,19.647058823529413,SLM00575,Fernando de Noronha
2021-11-01,341.1666666666667,27.75,,3003200.0738221356,,1805.1041666666667,,,22.479166666666668,326.1666666666667,,78.46666783591111,467.6041666666667,23239.0185912,,,,,,,,0.9600007680000999,1632.0,452.87999999999994,,107.07584223958354,20.916666666666668,SLM00575,Fernando de Noronha
2021-11-02,371.7916666666667,31.0,,3006083.0972820316,,1803.75,,,27.1875,348.5833333333333,,78.41666783516602,465.6875,23263.018610400002,,,,,,,,0.9600007680000999,1632.0,505.92,,122.94696229166584,24.041666666666668,SLM00575,Fernando de Noronha
2021-11-03,360.125,29.416666666666668,,3008962.808508177,,1803.5208333333333,,,25.583333333333332,340.3333333333333,,78.21666783218582,466.0625,23287.018629600003,,,,,,,,0.9600007680000999,1632.0,480.08,,116.73652401042636,21.541666666666668,SLM00575,Fernando de Noronha
2021-11-04,354.6521739130435,28.565217391304348,,3011609.6750163585,,1803.6304347826087,,,25.456521739130434,335.4347826086956,,78.0000011622906,466.2608695652174,23310.50386577948,,,,,,,,0.960000768000179,1632.0,466.18434782608693,,110.04433744564733,19.217391304347824,SLM00575,Fernando de Noronha
2021-11-05,351.25,28.458333333333332,,3014187.167200104,,1803.5625,,,24.5625,336.8333333333333,,78.05000116303565,466.375,23334.018667199998,,,,,,,,0.9600007679999484,1632.0,464.44,,109.63888026042453,14.416666666666666,SLM00575,Fernando de Noronha
2021-11-06,355.0416666666667,28.833333333333332,,3016835.731828125,,1803.0625,,,25.6875,339.125,,78.03333449612063,465.875,23358.0186864,,,,,,,,0.9600007680000999,1632.0,470.55999999999995,,111.61044796874437,15.916666666666666,SLM00575,Fernando de Noronha
2021-11-07,357.2916666666667,29.166666666666668,,3019522.1899874997,,1802.7708333333333,,,27.333333333333332,340.5416666666667,,78.00000116229059,465.6875,23382.0187056,,,,,,,,0.9600007680000999,1632.0,476.0,,114.0946232812518,19.833333333333332,SLM00575,Fernando de Noronha
2021-11-08,361.75,29.541666666666668,,3022312.352608334,,1800.1458333333333,,,26.166666666666668,340.2916666666667,,77.6000011563301,465.8541666666667,23406.0187248,,,,,,,,0.9600007680000999,1632.0,482.11999999999995,,116.34221046873911,21.458333333333332,SLM00575,Fernando de Noronha
2021-11-09,386.8333333333333,32.541666666666664,,3025195.6520877085,,1798.5208333333333,,,34.895833333333336,360.9166666666667,,77.58333448941508,463.1041666666667,23429.948743944,,,,,,,,0.9250007400000868,1632.0,531.08,,128.09275401042154,28.666666666666668,SLM00575,Fernando de Noronha
2021-11-10,349.88235294117646,28.294117647058822,,3027765.003764191,,1806.4117647058824,,,25.676470588235293,332.70588235294116,,78.5882364651736,466.5,23448.050018929207,,,,,,,,0.6356307606048872,1632.0,461.76,,120.21460139704868,20.11764705882353,SLM00575,Fernando de Noronha
2021-11-11,469.75,40.25,,3029148.724205625,,1799.375,,,55.875,420.5,,78.20000116527082,464.125,23458.375909542854,,,,,,,,0.4285717714292332,1632.0,656.88,,156.73963281256147,49.25,SLM00575,Fernando de Noronha
2021-11-12,,,,,,,,,,,,,,,,,,,,,,,,,,,,SLM00575,Fernando de Noronha
2021-11-13,350.5,29.0,,3029798.0008833334,,1795.25,,,24.083333333333332,332.5,,76.8000011444092,480.75,23466.11877288,,,,,,,,0.2000001600002482,1632.0,473.28,,99.28814979169208,18.0,SLM00575,Fernando de Noronha
2021-11-14,528.0,46.75,,3030412.4596753125,,1789.75,,,67.875,456.5,,77.30000115185975,493.875,23471.618777279997,,,,,,,,0.16000012800031982,1632.0,762.96,,176.49474124994595,71.5,SLM00575,Fernando de Noronha
2021-11-15,307.0,27.0,5.75,3030859.256349375,99.87500148825336,1794.0,54.75,82.0,19.5,312.5,26.0,76.4000011384487,480.5,23473.45356135652,,,,,,,,0.9565225043479586,1632.0,440.64,192.6618332280276,92.74254500004463,5.5,SLM00575,Fernando de Noronha
2021-11-16,548.0,51.791666666666664,3.9375,3033426.178358594,226.46875337464746,1798.1875,57.5,84.79166666666667,91.85416666666667,477.1666666666667,26.0,79.36666784932216,466.8333333333333,23486.039848599456,,,,,,,,0.9533522119566745,1632.0,845.2399999999999,225.07486346470242,229.01730500000608,72.75,SLM00575,Fernando de Noronha
2021-11-17,500.25,46.833333333333336,3.625,3037751.581038229,202.45416968346888,1793.6666666666667,58.0,87.33333333333333,70.91666666666667,443.6666666666667,26.0,78.80000117421149,463.75,23503.945886475,,,,,,,,0.9427090874999825,1632.0,764.32,220.32937593086794,197.9059665624906,60.25,SLM00575,Fernando de Noronha
2021-11-18,313.77777777777777,27.333333333333332,7.222222222222222,3039216.0483881943,97.67222367765174,1796.1666666666667,57.611111111111114,81.66666666666667,21.666666666666668,322.3333333333333,26.0,76.80000114440918,474.94444444444446,23515.22654163478,,,,,,,,0.9903389565216558,1632.0,446.08000000000004,181.11548013828184,91.84876763887911,27.666666666666668,SLM00575,Fernando de Noronha
2021-11-19,336.125,26.916666666666668,6.4375,3040949.3258514064,98.81458480578537,1805.1041666666667,58.229166666666664,82.83333333333333,19.833333333333332,331.3333333333333,26.0,78.31666783367591,470.7708333333333,23532.036165158384,,,,,,,,0.9518641155280724,1632.0,439.28,190.0002836480099,101.2597174999925,12.458333333333334,SLM00575,Fernando de Noronha
2021-11-20,314.1818181818182,25.545454545454547,5.681818181818182,3042556.366821477,92.65909228981896,1804.2272727272727,57.63636363636363,81.27272727272727,17.454545454545453,321.72727272727275,26.0,77.96363752538504,472.22727272727275,23549.40195638961,,,,,,,,0.8506500311685324,1632.0,416.9018181818182,188.69910947026358,87.45157420457426,14.818181818181818,SLM00575,Fernando de Noronha
2021-11-21,,,,,,,,,,,,,,,,,,,,,,,,,,,,SLM00575,Fernando de Noronha
2021-11-22,,,,,,,,,,,,,,,,,,,,,,,,,,,,SLM00575,Fernando de Noronha
2021-11-23,382.5416666666667,32.291666666666664,6.416666666666667,3044767.2470029164,127.05625189328572,1803.2083333333333,59.458333333333336,83.20833333333333,34.333333333333336,360.9166666666667,26.0,78.53333450357118,467.2916666666667,23567.071353641997,,,,,,,,0.9552280369092235,1632.0,527.0,200.04871372063522,127.95474427082809,27.208333333333332,SLM00575,Fernando de Noronha
2021-11-24,320.1666666666667,26.458333333333332,6.291666666666667,3047328.53032849,96.70208477430667,1803.5,58.645833333333336,81.66666666666667,18.416666666666668,320.9166666666667,26.0,77.98333449537553,469.9791666666667,23591.018872800003,,,,,,,,0.9600007680000999,1632.0,431.79999999999995,189.94191641943758,101.0034136979181,8.083333333333334,SLM00575,Fernando de Noronha
2021-11-25,336.2083333333333,27.875,6.770833333333333,3049770.1592098437,105.49375157197936,1797.6875,58.8125,81.75,20.375,328.4166666666667,26.0,77.2000011503696,468.4375,23615.018892000004,,,,,,,,0.9600007680000999,1632.0,454.92,196.69081441871876,105.45915671874536,8.625,SLM00575,Fernando de Noronha
2021-11-26,373.4166666666667,30.625,6.125,3052444.551374844,120.39166846064232,1797.7083333333333,58.958333333333336,81.70833333333333,26.083333333333332,350.875,26.0,77.31666781877475,467.375,23639.018911200004,,,,,,,,0.9600007680000999,1632.0,499.8,203.87626258867238,123.32156015625999,22.708333333333332,SLM00575,Fernando de Noronha
2021-11-27,434.9166666666667,37.458333333333336,5.229166666666667,3055869.992542656,157.8208356850471,1803.2916666666667,59.9375,82.75,41.145833333333336,392.2083333333333,26.0,78.76666784038146,463.7083333333333,23663.018930400005,,,,,,,,0.9600007680000999,1632.0,611.32,218.33290549961944,152.87536010415837,42.708333333333336,SLM00575,Fernando de Noronha
2021-11-28,389.75,31.5,6.208333333333333,3059186.6031729686,126.6812518876978,1804.6041666666667,59.479166666666664,81.58333333333333,26.229166666666668,359.8333333333333,26.0,78.5666678374012,466.625,23687.018532932998,,,,,,,,0.9597924344998319,1632.0,514.08,208.99345844329648,125.0959710937459,29.916666666666668,SLM00575,Fernando de Noronha
2021-11-29,416.45,34.6,5.8,3061971.8960215626,140.20250208918014,1800.85,61.5,88.35,32.2,378.8,26.0,78.20000116527082,455.175,23708.95646715,,,,,,,,0.9583341000001383,1632.0,564.672,210.1177226677677,138.0018533125054,37.65,SLM00575,Fernando de Noronha
2021-11-30,,,,,,,,,,,,,,,,,,,,,,,,,,,,SLM00575,Fernando de Noronha
2021-12-01,,,,,,,,,,,,,,,,,,,,,,,,,,,,SLM00575,Fernando de Noronha
2021-12-02,329.3125,26.25,8.125,3064179.677257031,96.33750143554063,1807.59375,59.65625,80.3125,19.3125,323.5625,26.0,78.60000117123126,475.9375,23726.503981188,,,,,,,,0.8764292725716132,1632.0,428.4,189.1733692890758,97.65174859375111,20.125,SLM00575,Fernando de Noronha
2021-12-03,346.9166666666667,28.333333333333332,6.770833333333333,3066323.737424167,107.67291827111812,1806.7916666666667,60.166666666666664,81.66666666666667,22.25,332.375,26.0,78.73333450655142,468.1041666666667,23746.0189968,,,,,,,,0.9600007680000999,1632.0,462.40000000000003,197.41707714230265,107.56873416665864,15.625,SLM00575,Fernando de Noronha
2021-12-04,368.375,30.041666666666668,7.291666666666667,3068965.7170160417,117.92708509058383,1801.4791666666667,60.125,81.54166666666667,25.125,345.125,26.0,78.05000116303566,466.1458333333333,23770.019016000002,,,,,,,,0.9600007679999484,1632.0,490.28,204.0263869723166,115.47472067708925,23.25,SLM00575,Fernando de Noronha
2021-12-05,378.4166666666667,30.541666666666668,6.833333333333333,3071730.130962604,121.00000180304046,1800.1875,60.458333333333336,81.70833333333333,25.666666666666668,350.75,26.0,78.0000011622906,465.375,23794.019035199995,,,,,,,,0.9600007680000999,1632.0,498.44,205.65328713371585,119.83188531250926,27.666666666666668,SLM00575,Fernando de Noronha
2021-12-06,413.0,34.666666666666664,4.270833333333333,3074983.3754067705,142.6791687927519,1798.5833333333333,60.5,81.41666666666667,30.458333333333332,375.5,26.0,78.0000011622906,463.8958333333333,23818.019054399996,,,,,,,,0.9600007680000999,1632.0,565.76,214.09031323468716,142.95837453124113,37.5,SLM00575,Fernando de Noronha
2021-12-07,376.1666666666667,30.125,7.520833333333333,3078059.5533550517,119.181251775939,1799.4791666666667,60.958333333333336,83.0,24.3125,346.9583333333333,26.0,77.58333448941508,462.5208333333333,23842.029073608002,,,,,,,,0.9650007720000152,1632.0,491.64000000000004,205.73929699616676,116.59851427083292,29.208333333333332,SLM00575,Fernando de Noronha
2021-12-08,373.25,29.75,7.354166666666667,3080912.490691719,115.6604183901412,1803.7083333333333,61.4375,84.54166666666667,23.6875,345.0,26.0,78.26666783293088,460.3541666666667,23866.634093292,,,,,,,,0.995000796000113,1632.0,485.52,202.31074525082715,119.16155229167391,28.25,SLM00575,Fernando de Noronha
2021-12-09,374.7916666666667,30.125,7.291666666666667,3083793.8580347393,118.54375176643963,1805.9375,61.395833333333336,83.79166666666667,24.958333333333332,348.7083333333333,26.0,78.66666783889133,460.875,23891.029112808,,,,,,,,0.9650007720000152,1632.0,491.63999999999993,204.4826292683273,118.66866036457941,26.083333333333332,SLM00575,Fernando de Noronha
2021-12-10,372.72727272727275,30.227272727272727,6.545454545454546,3086532.0124917612,119.47954723492943,1806.1136363636363,61.54545454545455,83.4090909090909,24.181818181818183,345.6363636363636,26.0,78.65454662658951,461.4318181818182,23914.610040763637,,,,,,,,1.0000008000001386,1632.0,493.30909090909086,205.12915582451376,128.96203613636845,27.90909090909091,SLM00575,Fernando de Noronha
2021-12-11,405.4583333333333,33.916666666666664,5.125,3089662.505338073,139.61458541375274,1803.9166666666667,62.1875,85.75,30.520833333333332,372.1666666666667,26.0,78.5666678374012,456.5833333333333,23938.634150892,,,,,,,,0.9950007959999615,1632.0,553.52,213.99675071590627,140.63192463540085,33.291666666666664,SLM00575,Fernando de Noronha
2021-12-12,441.6666666666667,36.333333333333336,4.145833333333333,3093178.993502656,150.7458355796212,1802.0,62.833333333333336,87.25,33.583333333333336,396.2083333333333,26.0,78.63333450506127,453.1875,23962.966670358,,,,,,,,0.9337507469999764,1632.0,592.96,215.9509839014202,152.283889791676,45.458333333333336,SLM00575,Fernando de Noronha
2021-12-13,450.9375,39.75,5.125,3096337.859000625,165.82187747093846,1803.96875,63.15625,85.1875,50.03125,405.875,26.0,79.35000118240714,459.3125,23982.050435625,,,,,,,,0.879808396153976,1632.0,648.72,214.10985673045877,159.51954328126158,49.5625,SLM00575,Fernando de Noronha
2021-12-14,402.77777777777777,32.77777777777778,6.444444444444445,3098179.9604294444,134.3166686681409,1792.9444444444443,62.111111111111114,81.44444444444444,25.0,358.77777777777777,26.0,76.71111225419575,468.6666666666667,23995.019195999997,,,,,,,,1.0000008000000282,1632.0,534.9333333333333,213.2569638058936,139.06124236108735,44.0,SLM00575,Fernando de Noronha
2021-12-15,324.0,26.692307692307693,6.461538461538462,3099476.928442212,97.08077067738539,1804.423076923077,61.19230769230769,81.84615384615384,19.923076923076923,318.15384615384613,26.0,77.9076934686074,470.5,24006.00074324677,,,,,,,,0.8509097716364172,1632.0,435.61846153846153,186.07369147386243,95.58160249999939,16.76923076923077,SLM00575,Fernando de Noronha
2021-12-16,538.5833333333334,48.25,3.4166666666666665,3102474.481786875,206.5333364109199,1795.4583333333333,63.458333333333336,86.20833333333333,74.29166666666667,468.125,26.0,78.78333450729649,453.1041666666667,24024.0192192,,,,,,,,0.9600007680000999,1632.0,787.44,220.7536683337095,208.49328515624316,71.70833333333333,SLM00575,Fernando de Noronha
2021-12-17,428.2916666666667,35.458333333333336,3.8333333333333335,3106944.4792422396,145.96875217510387,1802.1458333333333,62.125,83.0,36.729166666666664,385.875,26.0,78.45000116899608,461.0,24048.0192384,,,,,,,,0.9600007680000999,1632.0,578.68,212.85647897098386,140.71078734375382,42.416666666666664,SLM00575,Fernando de Noronha
2021-12-18,369.1666666666667,29.125,5.104166666666667,3109861.8868429684,113.743751694914,1805.0833333333333,61.8125,81.875,23.1875,343.6666666666667,26.0,78.400001168251,464.2291666666667,24072.0192576,,,,,,,,0.9600007680000999,1632.0,475.32,203.3705655855416,113.99604489584453,25.666666666666668,SLM00575,Fernando de Noronha
2021-12-19,377.0416666666667,29.291666666666668,5.625,3112551.1051971354,114.03750169929121,1805.4791666666667,61.916666666666664,81.70833333333333,23.9375,341.3333333333333,26.0,78.38333450133598,463.7916666666667,24096.0192768,,,,,,,,0.9600007680000999,1632.0,478.03999999999996,202.66084480561446,113.46372161458324,35.708333333333336,SLM00575,Fernando de Noronha
2021-12-20,371.9583333333333,29.875,6.0625,3115373.936694896,116.72500173933804,1803.1875,62.354166666666664,81.70833333333333,25.104166666666668,347.25,26.0,78.21666783218582,465.4791666666667,24120.019296,,,,,,,,0.9600007679999484,1632.0,487.56,203.09813542620898,118.23491546874477,24.708333333333332,SLM00575,Fernando de Noronha
2021-12-21,372.625,29.791666666666668,5.604166666666667,3118112.365379063,115.8645850598502,1803.8541666666667,62.4375,81.79166666666667,26.3125,347.5,26.0,78.2833344998459,465.1041666666667,24144.00658791709,,,,,,,,0.9536371265454969,1632.0,486.2,201.94490662918653,116.08590666666471,25.208333333333332,SLM00575,Fernando de Noronha
2021-12-22,395.94117647058823,32.11764705882353,5.088235294117647,3120640.984466691,126.08235481994994,1802.1176470588234,62.73529411764706,82.17647058823529,34.6764705882353,360.8235294117647,26.0,78.25882469555908,463.8529411764706,24163.928422036366,,,,,,,,0.9090916363636685,1632.0,524.16,199.7184722897467,128.70394000000155,36.529411764705884,SLM00575,Fernando de Noronha
2021-12-23,,,,,,,,,,,,,,,,,,,,,,,,,,,,SLM00575,Fernando de Noronha
2021-12-24,,,,,,,,,,,,,,,,,,,,,,,,,,,,SLM00575,Fernando de Noronha
2021-12-25,,,,,,,,,,,,,,,,,,,,,,,,,,,,SLM00575,Fernando de Noronha
2021-12-26,,,,,,,,,,,,,,,,,,,,,,,,,,,,SLM00575,Fernando de Noronha
2021-12-27,,,,,,,,,,,,,,,,,,,,,,,,,,,,SLM00575,Fernando de Noronha
2021-12-28,,,,,,,,,,,,,,,,,,,,,,,,,,,,SLM00575,Fernando de Noronha
2021-12-29,,,,,,,,,,,,,,,,,,,,,,,,,,,,SLM00575,Fernando de Noronha
2021-12-30,,,,,,,,,,,,,,,,,,,,,,,,,,,,SLM00575,Fernando de Noronha
2021-12-31,,,,,,,,,,,,,,,,,,,,,,,,,,,,SLM00575,Fernando de Noronha
2022-01-01,,,,,,,,,,,,,,,,,,,,,,,,,,,,SLM00575,Fernando de Noronha
2022-01-02,,,,,,,,,,,,,,,,,,,,,,,,,,,,SLM00575,Fernando de Noronha
2022-01-03,,,,,,,,,,,,,,,,,,,,,,,,,,,,SLM00575,Fernando de Noronha
2022-01-04,547.8,47.8,7.3,3122229.35363625,207.36000308990478,1803.4,64.9,83.4,72.4,478.8,26.0,79.76000118851661,462.0,24176.019340799998,,,,,,,,0.6666671999999381,1632.0,780.096,225.587656692081,170.91126149995253,69.0,SLM00575,Fernando de Noronha
2022-01-05,367.9375,29.75,5.96875,3123526.80291375,117.16875174595032,1793.84375,62.84375,80.3125,25.40625,346.0,26.0,76.67500114254653,470.96875,24186.098098863,,,,,,,,0.9344650332859601,1632.0,485.52,204.87711789201816,119.18126796875731,22.6875,SLM00575,Fernando de Noronha
2022-01-06,403.1666666666667,32.75,4.458333333333333,3126038.3633017186,132.9520853144738,1798.5625,63.375,81.79166666666667,28.479166666666668,363.4583333333333,26.0,77.65000115707518,463.4375,24206.040234381915,,,,,,,,0.9704355589563723,1632.0,534.48,210.93121347880432,134.5594960937548,39.708333333333336,SLM00575,Fernando de Noronha
2022-01-07,387.54545454545456,31.272727272727273,5.545454545454546,3129260.5376311364,125.0090927718714,1801.3863636363637,63.52272727272727,81.77272727272727,27.90909090909091,355.72727272727275,26.0,78.0000011622906,463.09090909090907,24230.259274736152,,,,,,,,1.0270607182731262,1632.0,510.3709090909091,207.62812109562321,129.3706883522682,31.818181818181817,SLM00575,Fernando de Noronha
2022-01-08,399.4782608695652,33.26086956521739,5.673913043478261,3132250.3419773914,133.04565415644768,1799.7391304347825,63.93478260869565,82.3913043478261,37.45652173913044,366.4782608695652,26.0,77.96521855307661,462.2826086956522,24253.485121836122,,,,,,,,0.8901902327757536,1632.0,542.8173913043478,204.8499421248312,131.64586190217295,33.52173913043478,SLM00575,Fernando de Noronha
2022-01-09,503.6666666666667,42.333333333333336,4.5,3133811.2887075,176.50000263005498,1799.3333333333333,63.833333333333336,85.0,64.0,441.0,26.0,77.6000011563301,465.3333333333333,24266.491635399998,,,,,,,,0.7222228000015699,1632.0,690.88,214.01608878999525,154.0977320834063,62.666666666666664,SLM00575,Fernando de Noronha
2022-01-10,559.0,50.0,7.0,3134126.89726625,217.100003235042,1803.5,65.0,85.0,82.5,489.0,26.0,80.4000011980534,464.5,24268.352748,,,,,,,,0.6666671999992104,1632.0,816.0,226.14583670316875,216.71472249971703,70.0,SLM00575,Fernando de Noronha
2022-01-11,586.0,49.333333333333336,5.0,3134561.74624,214.70000319927934,1798.5,64.83333333333333,82.0,81.33333333333333,490.0,26.0,78.93333450953163,463.3333333333333,24271.0194168,,,,,,,,1.0000008000000282,1632.0,805.12,226.5730344798957,218.4497020834436,96.0,SLM00575,Fernando de Noronha
2022-01-12,552.4,48.06666666666667,4.966666666666667,3136446.1864281665,209.4400031208992,1801.9666666666667,65.16666666666667,84.06666666666666,73.66666666666667,466.93333333333334,26.0,79.44000118374825,459.23333333333335,24280.019424000002,,,,,,,,0.8814821866668353,1632.0,784.448,225.8014690183156,213.56021416665365,85.46666666666667,SLM00575,Fernando de Noronha
2022-01-13,453.5,39.6,5.65,3139068.513433125,166.2650024775415,1799.25,64.9,84.0,48.9,389.9,26.0,78.52000117003915,460.8,24292.819434240002,,,,,,,,1.000000799999907,1632.0,646.272,212.3608012371356,160.78528975001535,66.4,SLM00575,Fernando de Noronha
2022-01-14,302.1666666666667,23.53846153846154,7.884615384615385,3140343.1228570193,80.30384735046667,1800.4615384615386,64.15384615384616,81.6923076923077,11.692307692307692,232.22222222222223,26.0,77.26153961282509,468.1923076923077,24305.019443999998,,,,,,,,1.000000800000215,1632.0,384.1476923076923,171.976036774018,80.51275884614398,57.0,SLM00575,Fernando de Noronha
2022-01-15,474.0,39.61538461538461,6.076923076923077,3141806.7661927887,167.496156342041,1796.7692307692307,65.96153846153847,81.61538461538461,41.5,391.0,26.0,77.90769346860742,463.11538461538464,24318.00099284677,,,,,,,,0.8509097716364172,1632.0,646.5230769230768,219.5403718289992,165.3932984615318,83.0,SLM00575,Fernando de Noronha
2022-01-16,444.625,36.791666666666664,5.6875,3144815.731881302,151.8104189288182,1801.8541666666667,65.79166666666667,82.08333333333333,38.083333333333336,361.5,26.0,78.60000117123127,461.4166666666667,24336.0194688,,,,,,,,0.9600007680000999,1632.0,600.4399999999999,211.82585858759992,149.12938145833323,83.125,SLM00575,Fernando de Noronha
2022-01-17,369.75,29.458333333333332,6.541666666666667,3147909.9891054686,114.46458503898856,1805.0833333333333,65.8125,82.16666666666667,19.708333333333332,290.5416666666667,26.0,78.5500011704862,463.25,24360.019488,,,,,,,,0.9600007679999484,1632.0,480.76,201.51882946455018,117.6828765104292,79.20833333333333,SLM00575,Fernando de Noronha
2022-01-18,383.8333333333333,30.75,6.375,3150787.0781465624,121.53750181104999,1798.0208333333333,66.0,81.875,21.270833333333332,306.125,26.0,77.26666781802969,462.6041666666667,24384.011650050856,,,,,,,,0.9560721934285539,1632.0,501.84,204.72900014923064,120.16705182291723,77.70833333333333,SLM00575,Fernando de Noronha
2022-01-19,374.6,30.0,6.65,3152825.7816785,116.86500174142421,1799.9,66.25,82.1,19.8,298.2,26.0,77.6000011563301,462.65,24400.912377857145,,,,,,,,0.9285721714288229,1632.0,489.6,201.99485018934158,121.13311999998987,76.4,SLM00575,Fernando de Noronha
2022-01-20,453.2857142857143,37.0,8.071428571428571,3154038.2890594644,151.8642879772399,1803.5714285714287,67.14285714285714,82.14285714285714,51.714285714285715,375.42857142857144,26.0,78.97142974819455,463.85714285714283,24410.5195284,,,,,,,,0.778572051428325,1632.0,603.84,205.76146644274812,155.20180999999866,77.85714285714286,SLM00575,Fernando de Noronha
2022-01-21,446.3333333333333,37.333333333333336,7.0,3154707.69826,154.216668964674,1791.6666666666667,66.66666666666667,82.0,44.0,374.3333333333333,26.0,76.93333447972934,464.6666666666667,24416.019532799997,,,,,,,,1.0000008000000282,1632.0,609.2800000000001,204.89490183394014,165.29623666669553,72.0,SLM00575,Fernando de Noronha
2022-01-22,,,,,,,,,,,,,,,,,,,,,,,,,,,,SLM00575,Fernando de Noronha
2022-01-23,504.4,42.5,6.0,3155811.5238159997,184.4950027491897,1796.55,66.9,82.0,51.3,429.4,26.0,78.04000116288661,465.0,24423.61953888,,,,,,,,0.8533340160003717,1632.0,693.6,225.8587767461308,169.39709749999457,75.0,SLM00575,Fernando de Noronha
2022-01-24,381.3333333333333,29.22222222222222,7.333333333333333,3157237.4562179167,115.43333505342389,1791.611111111111,66.33333333333333,81.88888888888889,20.72222222222222,303.22222222222223,26.0,76.04444557759498,467.05555555555554,24432.992879712,,,,,,,,0.7961911131432216,1632.0,476.90666666666664,204.39180442747676,117.66316083332316,78.11111111111111,SLM00575,Fernando de Noronha
2022-01-25,395.125,31.291666666666668,6.354166666666667,3159252.0041022915,125.73125187354164,1797.9791666666667,66.64583333333333,81.83333333333333,23.625,317.8333333333333,26.0,77.41666782026489,462.75,24449.018195562545,,,,,,,,0.9593189492726802,1632.0,510.68,208.12091872995964,127.4027053124931,77.29166666666667,SLM00575,Fernando de Noronha
2022-01-26,424.1578947368421,34.78947368421053,6.394736842105263,3162177.73171875,142.58158107199952,1804.3684210526317,67.15789473684211,82.0,32.44736842105263,357.10526315789474,26.0,78.94736959746007,461.10526315789474,24470.45498304689,,,,,,,,0.9306227540670845,1632.0,567.7642105263158,210.7011322803648,141.08123453949136,67.05263157894737,SLM00575,Fernando de Noronha
2022-01-27,544.125,48.75,6.1875,3164364.6931992187,211.27500314824292,1801.9375,68.5,82.0,76.125,474.875,26.0,79.95000119134785,458.5,24484.0195872,,,,,,,,0.8888895999998567,1632.0,795.6,223.53891314936024,201.39564140624134,69.25,SLM00575,Fernando de Noronha
2022-01-28,,,,,,,,,,,,,,,,,,,,,,,,,,,,SLM00575,Fernando de Noronha
2022-01-29,497.0833333333333,42.75,6.125,3166222.1662842706,183.17500272952023,1797.6666666666667,67.91666666666667,83.0,52.291666666666664,429.5,26.0,78.50000116974115,466.2916666666667,24494.124595284,,,,,,,,0.9150007320001047,1632.0,697.68,222.68199701413621,174.878055729166,67.58333333333333,SLM00575,Fernando de Noronha
2022-01-30,437.1363636363636,36.04545454545455,6.045454545454546,3168681.7758631255,147.93409311348066,1797.5,67.77272727272727,82.45454545454545,35.22727272727273,370.3181818181818,26.0,77.94545570693232,465.3863636363636,24511.026565327305,,,,,,,,0.9578663789406247,1632.0,588.2618181818182,211.74428558225583,145.1790767045353,66.81818181818181,SLM00575,Fernando de Noronha
2022-01-31,482.5,42.708333333333336,6.6875,3172336.234335938,180.4916693562021,1802.2083333333333,68.35416666666667,85.08333333333333,51.916666666666664,409.0,26.0,79.23333451400201,456.4375,24534.46967931988,,,,,,,,0.9179613968943462,1632.0,697.0,216.16653625229733,180.43787666666321,73.5,SLM00575,Fernando de Noronha
2022-02-01,523.9444444444445,43.888888888888886,7.611111111111111,3176592.625573889,185.9361138817751,1801.8055555555557,69.47222222222223,87.94444444444444,49.361111111111114,374.27777777777777,26.0,79.37777896059885,452.47222222222223,24554.92440582857,,,,,,,,0.8994716190477953,1632.0,716.2666666666667,216.73545973195505,187.14120687500366,149.66666666666666,SLM00575,Fernando de Noronha
2022-02-02,394.14285714285717,31.285714285714285,9.428571428571429,3178543.884257143,121.15714466252486,1804.2142857142858,68.0,82.42857142857143,19.214285714285715,266.7142857142857,26.0,78.57142974223409,465.7142857142857,24567.699654144,,,,,,,,0.8685721234287485,1632.0,510.5828571428571,200.42488852625488,120.65994374999511,127.42857142857143,SLM00575,Fernando de Noronha
2022-02-03,410.8333333333333,31.458333333333332,9.166666666666666,3180481.9043326564,125.36041853468247,1807.2916666666667,67.54166666666667,81.625,19.75,273.2083333333333,26.0,78.8833345087866,464.625,24583.015777508,,,,,,,,0.9580563220000234,1632.0,513.4,207.4512258463632,126.3774901041761,137.625,SLM00575,Fernando de Noronha
2022-02-04,542.1818181818181,51.63636363636363,8.772727272727273,3184053.2504725573,214.4318213771013,1798.9318181818182,69.22727272727273,86.0,46.70454545454545,384.95454545454544,26.0,80.54545574567534,456.02272727272725,24605.989381745458,,,,,,,,0.8358592545456222,1632.0,842.7054545454546,219.8504414264911,211.3592276704413,163.04545454545453,SLM00575,Fernando de Noronha
2022-02-05,,,,,,,,,,,,,,,,,,,,,,,,,,,,SLM00575,Fernando de Noronha
2022-02-06,,,,,,,,,,,,,,,,,,,,,,,,,,,,SLM00575,Fernando de Noronha
2022-02-07,,,,,,,,,,,,,,,,,,,,,,,,,,,,SLM00575,Fernando de Noronha
2022-02-08,,,,,,,,,,,,,,,,,,,,,,,,,,,,SLM00575,Fernando de Noronha
2022-02-09,262.0,20.857142857142858,11.428571428571429,3186866.9868980357,66.46428670468063,1790.0714285714287,68.42857142857143,79.57142857142857,13.571428571428571,235.85714285714286,26.0,75.02857254658427,452.85714285714283,24620.703370016327,,,,,,,,0.4965990367345512,1632.0,340.3885714285714,160.53076562331293,69.28652232146955,26.428571428571427,SLM00575,Fernando de Noronha
2022-02-10,387.90909090909093,33.45454545454545,29.272727272727273,3187694.6213204544,132.41818379136652,1798.0454545454545,64.81818181818181,79.54545454545455,37.77272727272727,386.3636363636364,26.0,77.41818297180261,452.27272727272725,24628.62596026399,,,,,,,,0.8215276151124933,1632.0,545.9781818181818,199.9148946013397,126.29504272726957,20.636363636363637,SLM00575,Fernando de Noronha
2022-02-11,422.14285714285717,36.214285714285715,36.0,3189530.8339923215,147.41428791092986,1797.4285714285713,60.92857142857143,82.07142857142857,46.75,427.92857142857144,26.0,77.88571544630187,467.2857142857143,24641.0051023987,,,,,,,,0.8706175796100329,1632.0,591.0171428571429,206.16181109209947,145.4003019642883,19.357142857142858,SLM00575,Fernando de Noronha
2022-02-12,398.0625,36.75,37.125,3191926.5295708594,148.98437722004007,1803.25,60.5625,81.625,48.4375,431.9375,26.0,78.70000117272139,467.5625,24655.3790992875,,,,,,,,0.9062507250000635,1632.0,599.76,206.9800116325551,146.3889023437514,58.0,SLM00575,Fernando de Noronha
2022-02-13,265.9,22.9,36.65,3193298.107822625,75.92000113129615,1792.15,59.1,80.5,14.5,317.4,26.0,75.64000112712385,472.25,24668.476877622856,,,,,,,,0.8035720714284252,1632.0,373.728,172.06846625612488,75.47161187496968,70.5,SLM00575,Fernando de Noronha
2022-02-14,286.1904761904762,23.666666666666668,22.238095238095237,3194497.4045733334,80.51190596162562,1792.8809523809523,60.11904761904762,83.14285714285714,16.88095238095238,322.2857142857143,26.0,75.84762017783667,468.95238095238096,24683.52872639902,,,,,,,,0.8848759913470574,1632.0,386.24,173.8420384364388,79.78652863095824,44.38095238095238,SLM00575,Fernando de Noronha
2022-02-15,335.75,28.666666666666668,12.25,3196515.0872503645,107.82083493998896,1795.9375,59.604166666666664,81.33333333333333,29.4375,365.75,26.0,76.8000011444092,468.5208333333333,24706.016606902736,,,,,,,,0.9584218193684441,1632.0,467.84,191.15096339976017,106.3857935416745,45.083333333333336,SLM00575,Fernando de Noronha
2022-02-16,340.22727272727275,27.59090909090909,13.204545454545455,3199038.441197898,103.94318336705592,1804.9545454545455,59.61363636363637,81.27272727272727,22.068181818181817,340.54545454545456,26.0,78.36363753134553,468.40909090909093,24729.023228178834,,,,,,,,0.9222973885551421,1632.0,450.28363636363633,195.84553662648844,104.24933107955043,21.681818181818183,SLM00575,Fernando de Noronha
2022-02-17,336.4583333333333,27.833333333333332,11.5,3201430.146400208,104.6791682265078,1797.8125,59.8125,80.75,23.395833333333332,346.75,26.0,77.18333448345459,467.5833333333333,24752.029801608,,,,,,,,0.9650007720000152,1632.0,454.24,195.60608602424577,105.32114697915192,11.041666666666666,SLM00575,Fernando de Noronha
2022-02-18,333.0952380952381,27.857142857142858,12.523809523809524,3203859.286808393,105.32381109325661,1800.8333333333333,59.904761904761905,81.04761904761905,24.5,354.4761904761905,26.0,77.65714401432444,467.4047619047619,24775.01982,,,,,,,,0.8634927542857657,1632.0,454.6285714285715,193.01157205503034,109.37131035715963,28.238095238095237,SLM00575,Fernando de Noronha
2022-02-19,291.5,25.136363636363637,12.181818181818182,3205990.7338071023,87.32954675585711,1812.1363636363637,38.29545454545455,81.0,19.954545454545453,335.0,26.0,79.18181936171922,455.02272727272725,24800.089104124672,,,,,,,,0.9482805490088967,1632.0,410.2254545454545,180.9675052461598,87.23649409089491,43.5,SLM00575,Fernando de Noronha
2022-02-20,280.8888888888889,23.27777777777778,12.166666666666666,3207705.961866667,79.60833451958996,1807.6944444444443,40.47222222222222,80.77777777777777,17.97222222222222,317.1111111111111,26.0,78.3111122780376,456.69444444444446,24819.99075544762,,,,,,,,0.9021171238095526,1632.0,379.8933333333333,176.4189826919377,84.96142444443993,40.44444444444444,SLM00575,Fernando de Noronha
2022-02-21,287.3333333333333,24.166666666666668,12.5,3208991.5028752084,85.54583460806559,1789.4166666666667,59.958333333333336,80.66666666666667,17.041666666666668,330.0,26.0,75.36666778971751,470.4166666666667,24835.853202,,,,,,,,0.6861116599996725,1632.0,394.40000000000003,184.16292241879486,84.69854875002056,42.666666666666664,SLM00575,Fernando de Noronha
2022-02-22,290.2,24.6,13.45,3209943.407309875,87.11000129804016,1792.45,60.05,80.8,17.45,328.8,26.0,75.72000112831594,470.05,24846.96987756,,,,,,,,0.9250007400001777,1632.0,401.47200000000004,184.29330839886492,93.97280325000175,38.6,SLM00575,Fernando de Noronha
2022-02-23,295.25,24.875,13.5625,3210772.4002704686,88.76875132275747,1789.1875,60.3125,80.625,19.6875,335.5,26.0,75.2000011205673,469.5,24857.0198856,,,,,,,,0.8020839750001869,1632.0,405.96,185.85758323156642,86.94613593746908,40.25,SLM00575,Fernando de Noronha
2022-02-24,294.875,24.875,13.375,3211472.4645323437,89.11250132787974,1790.1875,60.1875,80.5,20.75,343.75,26.0,75.40000112354755,468.625,24865.019892,,,,,,,,0.8888895999998567,1632.0,405.96,186.65648648866332,88.42481171875261,48.875,SLM00575,Fernando de Noronha
2022-02-25,375.0,32.22222222222222,12.61111111111111,3212337.8841779167,131.75555751886625,1801.888888888889,60.666666666666664,85.0,33.111111111111114,375.22222222222223,26.0,78.35555672314432,464.5,24874.34088711111,,,,,,,,0.9506180444445312,1632.0,525.8666666666667,203.2192307361654,128.44106430555178,31.77777777777778,SLM00575,Fernando de Noronha
2022-02-26,384.36842105263156,32.8421052631579,13.236842105263158,3214230.5061645396,130.91842300346795,1802.0526315789473,60.421052631578945,83.57894736842105,33.5,386.42105263157896,26.0,78.31579064068042,464.89473684210526,24887.79417922526,,,,,,,,0.880468540631754,1632.0,535.9831578947369,206.19769151278686,128.20585973685803,11.210526315789474,SLM00575,Fernando de Noronha
2022-02-27,338.25,27.958333333333332,12.020833333333334,3216678.6059386455,106.32500158436596,1803.25,59.375,80.83333333333333,23.0,343.2916666666667,26.0,78.0000011622906,470.7083333333333,24909.0199272,,,,,,,,0.9600007680000999,1632.0,456.28,197.9076525664361,105.8731859374869,8.791666666666666,SLM00575,Fernando de Noronha
2022-02-28,347.1666666666667,28.333333333333332,12.520833333333334,3219280.4444119795,107.25625159824267,1801.9166666666667,59.645833333333336,80.83333333333333,23.145833333333332,342.625,26.0,77.83333449314041,469.7291666666667,24933.0199464,,,,,,,,0.9600007680000999,1632.0,462.40000000000003,196.1978341262599,110.07262515625916,14.791666666666666,SLM00575,Fernando de Noronha
2022-03-01,372.875,29.833333333333332,11.791666666666666,3222051.5222573956,117.23333508024614,1803.5,59.958333333333336,80.79166666666667,26.6875,367.3333333333333,26.0,78.26666783293088,468.1875,24957.006870351426,,,,,,,,0.9547626685713718,1632.0,486.87999999999994,204.43412981684617,119.00382687500678,9.541666666666666,SLM00575,Fernando de Noronha
2022-03-02,349.875,28.375,11.145833333333334,3224783.9968070835,108.09583494408675,1801.0833333333333,60.041666666666664,80.79166666666667,23.833333333333332,350.5416666666667,26.0,77.68333449090521,468.6875,24981.03308004857,,,,,,,,0.8961118280000543,1632.0,463.08,198.2760416729909,108.57423369790195,12.333333333333334,SLM00575,Fernando de Noronha
2022-03-03,343.875,28.291666666666668,11.666666666666666,3227351.9440315105,106.95208492704354,1801.75,60.1875,81.04166666666667,22.416666666666668,345.9583333333333,26.0,77.93333449463051,468.6458333333333,25005.014740837894,,,,,,,,0.9578955031580941,1632.0,461.71999999999997,196.8366540449314,107.27299901041745,10.416666666666666,SLM00575,Fernando de Noronha
2022-03-04,342.0416666666667,28.083333333333332,11.291666666666666,3229899.9784220834,107.03750159498306,1799.25,60.291666666666664,80.95833333333333,22.916666666666668,348.125,26.0,77.38333448643486,468.1041666666667,25029.023837085584,,,,,,,,0.9263383241582233,1632.0,458.32,198.33496174502412,106.1492054166738,10.333333333333334,SLM00575,Fernando de Noronha
2022-03-05,353.6666666666667,28.125,10.875,3232462.365825573,106.43541825267795,1794.4583333333333,60.291666666666664,80.58333333333333,22.770833333333332,348.4583333333333,26.0,76.61666780834398,469.9375,25053.02149167652,,,,,,,,0.9329476062609198,1632.0,459.0,197.09044198040303,106.26749947917415,15.791666666666666,SLM00575,Fernando de Noronha
2022-03-06,365.0416666666667,29.541666666666668,11.916666666666666,3235133.4654725003,116.0500017292797,1796.7708333333333,60.833333333333336,80.41666666666667,25.520833333333332,363.625,26.0,77.08333448196447,469.8958333333333,25077.020061600004,,,,,,,,0.9600007680000999,1632.0,482.11999999999995,204.3266501728216,115.79017151040414,8.833333333333334,SLM00575,Fernando de Noronha
2022-03-07,373.375,30.333333333333332,11.9375,3237893.975715,120.339585126533,1799.8541666666667,61.145833333333336,81.16666666666667,26.625,364.3333333333333,26.0,77.60000115633007,469.0,25101.00469617231,,,,,,,,0.9538469169230362,1632.0,495.03999999999996,206.2642371508806,117.01254348959385,14.791666666666666,SLM00575,Fernando de Noronha
2022-03-08,400.6190476190476,30.857142857142858,13.761904761904763,3240680.1726682144,122.87381135477195,1800.047619047619,62.04761904761905,81.80952380952381,26.38095238095238,334.14285714285717,26.0,77.86666782697039,466.0,25123.94244346022,,,,,,,,0.9630776935387292,1632.0,503.58857142857147,207.20659450076207,127.9153129166613,66.47619047619048,SLM00575,Fernando de Noronha
2022-03-09,546.5,49.041666666666664,15.833333333333334,3244321.227297135,211.43958648402852,1802.3958333333333,65.125,87.54166666666667,76.5625,450.75,26.0,79.78333452219765,449.5416666666667,25147.0201176,,,,,,,,0.9600007679999484,1632.0,800.36,222.03145364402772,217.34562416665722,98.5,SLM00575,Fernando de Noronha
2022-03-10,563.9583333333334,42.291666666666664,15.729166666666666,3249354.0679018754,179.61666934316358,1800.7083333333333,62.729166666666664,82.33333333333333,22.041666666666668,217.33333333333334,26.0,78.9833345102767,465.8125,25170.944210813333,,,,,,,,0.9296303733334147,1632.0,690.1999999999999,220.83089767665192,177.6382505208409,346.625,SLM00575,Fernando de Noronha
2022-03-11,464.6,40.2,16.7,3252939.7817518334,163.11000243052837,1742.4666666666667,60.7,80.26666666666667,20.5,254.8,26.0,79.04000117778779,466.76666666666665,25190.163855818668,,,,,,,,0.8078524981331915,1632.0,656.064,198.4993792454451,174.38122066666062,209.8,SLM00575,Fernando de Noronha
2022-03-12,399.625,34.125,17.270833333333332,3255487.2995916666,137.01041870828087,1800.9375,61.75,82.41666666666667,32.458333333333336,350.6666666666667,26.0,78.20000116527079,461.9375,25210.020168,,,,,,,,0.9600007680000999,1632.0,556.92,205.8064169496965,138.1280336458391,48.958333333333336,SLM00575,Fernando de Noronha
2022-03-13,408.0416666666667,34.5,17.416666666666668,3259197.0013916665,140.6458354291196,1805.5208333333333,62.125,82.75,32.625,355.75,26.0,79.05000117793679,461.3541666666667,25234.0201872,,,,,,,,0.9600007680000999,1632.0,563.0400000000001,211.10424212102257,137.33940656250343,52.291666666666664,SLM00575,Fernando de Noronha
2022-03-14,361.9166666666667,29.833333333333332,17.166666666666668,3262104.768026302,116.99583507670705,1800.375,61.6875,82.5,20.0,313.7916666666667,26.0,77.71666782473521,462.8541666666667,25257.977349222856,,,,,,,,0.9428578971428578,1632.0,486.88000000000005,204.19045955477557,116.59851427083292,48.125,SLM00575,Fernando de Noronha
2022-03-15,380.0,31.22222222222222,16.555555555555557,3264050.4753381945,125.78889076328932,1795.1666666666667,61.888888888888886,82.44444444444444,22.72222222222222,336.1111111111111,26.0,76.93333447972934,461.8888888888889,25273.73450468571,,,,,,,,0.8571435428570516,1632.0,509.5466666666667,209.56673038230227,113.4045745833363,43.888888888888886,SLM00575,Fernando de Noronha
2022-03-16,,,,,,,,,,,,,,,,,,,,,,,,,,,,SLM00575,Fernando de Noronha
2022-03-17,341.3333333333333,28.0,2.5,3264842.3883677083,105.32500156946448,1797.8333333333333,63.0,75.5,20.083333333333332,298.6666666666667,26.0,76.93333447972934,482.0833333333333,25281.12022488,,,,,,,,0.8066673119998692,1632.0,456.96000000000004,192.0206025245354,111.275281458317,42.666666666666664,SLM00575,Fernando de Noronha
2022-03-18,363.375,29.75,2.4583333333333335,3266606.369712031,117.24375174706796,1796.6041666666667,63.9375,82.375,22.083333333333332,314.9166666666667,26.0,76.85000114515425,463.8958333333333,25296.0202368,,,,,,,,0.9600007680000999,1632.0,485.52,205.27088177432248,118.15605276041121,48.458333333333336,SLM00575,Fernando de Noronha
2022-03-19,351.625,29.083333333333332,3.1666666666666665,3269439.275920781,112.94375168299297,1800.1041666666667,64.14583333333333,82.25,20.4375,305.6666666666667,26.0,77.68333449090521,463.375,25320.020256,,,,,,,,0.9600007680000999,1632.0,474.64000000000004,201.40745096606918,115.25784822916224,45.958333333333336,SLM00575,Fernando de Noronha
2022-03-20,359.3333333333333,29.791666666666668,3.1041666666666665,3272186.8723947913,117.43541841659062,1801.7708333333333,64.33333333333333,82.41666666666667,21.708333333333332,310.4583333333333,26.0,78.0000011622906,462.75,25344.0109001925,,,,,,,,0.956250764999974,1632.0,486.2,205.2516939672474,115.67187744792318,48.875,SLM00575,Fernando de Noronha
2022-03-21,361.8181818181818,29.90909090909091,3.272727272727273,3274202.079858182,117.89091084762045,1802.0,64.5,82.45454545454545,22.863636363636363,314.27272727272725,26.0,78.0000011622906,462.54545454545456,25361.395289099997,,,,,,,,0.9375007500000886,1632.0,488.1163636363636,205.19475524249793,115.97119727273557,47.54545454545455,SLM00575,Fernando de Noronha
2022-03-22,,,,,,,,,,,,,,,,,,,,,,,,,,,,SLM00575,Fernando de Noronha
2022-03-23,315.0,25.0,4.75,3274986.498540625,86.8750012945383,1803.0,63.0,81.0,18.0,281.5,26.0,77.40000115334985,476.75,25367.520294,,,,,,,,0.3333336000014242,1632.0,408.0,170.64073604968934,120.1867674998939,33.5,SLM00575,Fernando de Noronha
2022-03-24,,,,,,,,,,,,,,,,,,,,,,,,,,,,SLM00575,Fernando de Noronha
2022-03-25,418.0,35.333333333333336,2.6666666666666665,3275285.4670679164,144.01666881268227,1786.8333333333333,62.666666666666664,75.33333333333333,40.333333333333336,375.3333333333333,26.0,76.26666780312854,482.1666666666667,25369.3536288,,,,,,,,0.4444447999994736,1632.0,576.64,203.50905185407,112.14277125010267,42.666666666666664,SLM00575,Fernando de Noronha
2022-03-26,400.57142857142856,33.714285714285715,3.9285714285714284,3275860.8268557144,137.2285734734367,1796.642857142857,64.5,82.28571428571429,32.0,349.42857142857144,26.0,77.54285829833577,464.57142857142856,25373.703972416326,,,,,,,,0.7925176408165758,1632.0,550.2171428571429,209.6465933962332,124.51295035711622,51.142857142857146,SLM00575,Fernando de Noronha
2022-03-27,313.75,25.666666666666668,4.5,3277541.610859271,92.92916805141918,1797.1458333333333,63.895833333333336,82.125,14.708333333333334,276.60869565217394,26.0,76.73333447674914,465.2708333333333,25389.03340644857,,,,,,,,0.9283539172856763,1632.0,418.88000000000005,185.9288982402892,92.48624119791202,38.21739130434783,SLM00575,Fernando de Noronha
2022-03-28,409.8333333333333,34.5,2.875,3279869.026823281,137.33958537985254,1795.2708333333333,64.75,82.79166666666667,37.833333333333336,365.125,26.0,77.21666781728467,460.75,25412.977473222858,,,,,,,,0.9428578971430094,1632.0,563.0400000000001,200.24699376037404,141.10510088542165,44.708333333333336,SLM00575,Fernando de Noronha
2022-03-29,371.90909090909093,30.90909090909091,3.1363636363636362,3282512.3883048864,121.86818363415928,1795.6363636363637,64.22727272727273,80.72727272727273,25.59090909090909,321.3636363636364,26.0,76.98181932893664,466.77272727272725,25430.61385096831,,,,,,,,0.8837236507014578,1632.0,504.43636363636364,201.21001598665424,112.44388340908864,50.54545454545455,SLM00575,Fernando de Noronha
2022-03-30,359.7916666666667,29.541666666666668,3.4166666666666665,3284520.822537031,115.94375172769641,1798.5208333333333,64.875,82.5,20.5625,305.5,26.0,77.43333448717989,462.5,25448.0203584,,,,,,,,0.9600007679999484,1632.0,482.11999999999995,204.39464852716614,115.79017151042353,54.291666666666664,SLM00575,Fernando de Noronha
2022-03-31,354.75,29.416666666666668,3.6041666666666665,3287293.063607396,115.02500171400605,1798.6458333333333,65.16666666666667,82.41666666666667,19.4375,303.5416666666667,26.0,77.31666781877477,462.2083333333333,25472.020377599998,,,,,,,,0.9600007680000999,1632.0,480.08,203.47639243905994,113.38485890624968,51.208333333333336,SLM00575,Fernando de Noronha
2022-04-01,383.0833333333333,32.125,2.7083333333333335,3290131.2930489588,129.14791859112066,1796.9375,65.45833333333333,82.41666666666667,26.0,332.9583333333333,26.0,77.31666781877476,460.5208333333333,25496.0203968,,,,,,,,0.9600007680000999,1632.0,524.28,208.8899793739627,128.1913323958288,50.125,SLM00575,Fernando de Noronha
2022-04-02,365.7916666666667,31.208333333333332,3.1875,3293176.5568155725,124.12708518297096,1801.25,65.75,82.375,24.6875,318.7083333333333,26.0,77.98333449537559,460.6875,25520.020416,,,,,,,,0.9600007680000999,1632.0,509.32,206.93998732532282,121.19226703125362,47.083333333333336,SLM00575,Fernando de Noronha
2022-04-03,354.0,29.75,3.25,3296011.907768281,115.5395850550073,1800.875,65.72916666666667,82.625,20.791666666666668,303.4583333333333,26.0,77.86666782697044,461.0,25543.99922306182,,,,,,,,0.951515912727397,1632.0,485.52,202.28082542363495,115.75074015623734,50.541666666666664,SLM00575,Fernando de Noronha
2022-04-04,364.7647058823529,30.41176470588235,3.9705882352941178,3298389.475775809,119.88823708059147,1801.4117647058824,66.0,82.47058823529412,20.235294117647058,313.70588235294116,26.0,77.88235410171399,460.4117647058824,25563.83863287273,,,,,,,,0.9090916363634546,1632.0,496.32000000000005,204.98336881636718,117.23637441178674,51.05882352941177,SLM00575,Fernando de Noronha
2022-04-05,339.9375,27.9375,1.78125,3300416.2914503124,105.02500156499458,1790.75,55.96875,82.125,26.75,300.4375,26.0,75.8750011306256,477.1875,25580.18296413,,,,,,,,0.827778440000202,1632.0,455.94,188.575411586587,109.865610546869,39.5,SLM00575,Fernando de Noronha
2022-04-06,317.8235294117647,26.176470588235293,0.8529411764705882,3302011.528633971,95.89411907599253,1789.0294117647059,55.61764705882353,82.05882352941177,15.970588235294118,275.88235294117646,26.0,75.52941289018183,473.05882352941177,25596.642216427826,,,,,,,,0.8870424828646184,1632.0,427.2,190.52880535013333,98.89383625000825,41.94117647058823,SLM00575,Fernando de Noronha
2022-04-07,504.125,44.625,3.2916666666666665,3305284.7821708857,190.37916950353744,1800.375,58.375,83.16666666666667,74.54166666666667,446.0416666666667,26.0,79.06666784485179,462.5416666666667,25618.05092920696,,,,,,,,0.9571022149564973,1632.0,728.2800000000001,220.65588124840735,192.32642994790027,58.083333333333336,SLM00575,Fernando de Noronha
2022-04-08,350.2083333333333,29.041666666666668,3.1666666666666665,3308799.712796979,113.17916835316775,1804.375,57.5,82.5,19.75,299.375,26.0,78.400001168251,468.4375,25642.0205136,,,,,,,,0.9600007679999484,1632.0,473.96,202.99377910927114,113.10883942708217,50.833333333333336,SLM00575,Fernando de Noronha
2022-04-09,364.6666666666667,30.291666666666668,3.3125,3311579.800706823,119.74375178432082,1803.9583333333333,57.604166666666664,82.45833333333333,22.541666666666668,311.9166666666667,26.0,78.400001168251,466.875,25666.0205328,,,,,,,,0.9600007680000999,1632.0,494.35999999999996,205.70244109137977,118.84610145833965,52.75,SLM00575,Fernando de Noronha
2022-04-10,372.4583333333333,30.708333333333332,2.7916666666666665,3314495.138161458,121.45208514311047,1804.0625,57.833333333333336,82.625,23.125,319.75,26.0,78.400001168251,465.9583333333333,25690.020552,,,,,,,,0.9600007680000999,1632.0,501.16,205.8090285386352,121.13311999999375,52.708333333333336,SLM00575,Fernando de Noronha
2022-04-11,367.0833333333333,29.75,2.3125,3317355.370298646,117.81250175554295,1799.25,57.916666666666664,82.54166666666667,22.645833333333332,314.5833333333333,26.0,77.55000115558505,465.7916666666667,25714.020571200002,,,,,,,,0.9600007680000999,1632.0,485.52,206.24258420764178,118.60951333333894,52.5,SLM00575,Fernando de Noronha
2022-04-12,385.75,31.458333333333332,2.3541666666666665,3320309.192754948,126.01250187773253,1794.6875,58.166666666666664,82.54166666666667,25.895833333333332,337.5416666666667,26.0,76.8000011444092,464.7291666666667,25738.020590400003,,,,,,,,0.9600007680000999,1632.0,513.4,208.32075483957814,127.85616588542082,48.208333333333336,SLM00575,Fernando de Noronha
2022-04-13,359.3333333333333,29.25,3.0625,3323222.046034271,114.91666837905842,1798.2916666666667,58.25,82.58333333333333,20.479166666666668,308.7083333333333,26.0,77.3500011526048,465.3125,25762.020609600004,,,,,,,,0.9600007680000999,1632.0,477.35999999999996,204.64252344657862,114.48893682291964,50.625,SLM00575,Fernando de Noronha
2022-04-14,373.625,31.083333333333332,2.2291666666666665,3326012.248086458,124.88333519423999,1801.3333333333333,58.5,82.66666666666667,23.729166666666668,324.6666666666667,26.0,77.98333449537554,464.0833333333333,25786.0206288,,,,,,,,0.9600007679999484,1632.0,507.28,208.9375639824425,123.57786395833439,48.958333333333336,SLM00575,Fernando de Noronha
2022-04-15,374.9583333333333,30.833333333333332,3.1041666666666665,3329022.8516927604,122.98541849929224,1804.7291666666667,58.895833333333336,82.5,24.729166666666668,325.5833333333333,26.0,78.68333450580634,464.0625,25809.993454995787,,,,,,,,0.9491235663159993,1632.0,503.20000000000005,207.72978113454283,122.98639364583262,49.375,SLM00575,Fernando de Noronha
2022-04-16,370.64285714285717,30.857142857142858,3.4285714285714284,3331339.119849643,121.12500180490306,1806.642857142857,58.785714285714285,82.71428571428571,24.75,321.07142857142856,26.0,78.80000117421149,464.17857142857144,25828.31013631579,,,,,,,,0.8947375578947165,1632.0,503.5885714285714,204.31010191309753,112.78493901784532,49.57142857142857,SLM00575,Fernando de Noronha
2022-04-17,,,,,,,,,,,,,,,,,,,,,,,,,,,,SLM00575,Fernando de Noronha
2022-04-18,498.2,43.6,3.0,3332544.7458959995,184.41000274792322,1792.2,57.7,76.8,69.0,449.4,26.0,77.6000011563301,478.2,25837.520669999998,,,,,,,,0.8333339999997407,1632.0,711.552,218.81408047231048,200.43745950004086,48.8,SLM00575,Fernando de Noronha
2022-04-19,550.25,48.5,5.25,3333447.4242281253,212.11250316072275,1794.0,60.25,83.0,87.375,493.25,26.0,78.10000116378068,460.5,25842.0206736,,,,,,,,0.8000006400006896,1632.0,791.52,227.7804938455829,213.63907687494066,57.0,SLM00575,Fernando de Noronha
2022-04-20,438.25,37.25,3.5,3334235.735860625,154.612502303906,1797.875,59.5,83.0,41.5,389.75,26.0,78.20000116527078,464.75,25846.0206768,,,,,,,,0.8000006399997801,1632.0,607.9200000000001,215.34530829692682,155.43839812499937,48.5,SLM00575,Fernando de Noronha
2022-04-21,536.75,46.5,4.75,3334915.92672,200.8625029930845,1788.375,59.875,82.75,81.375,485.5,26.0,77.40000115334988,460.25,25850.02068,,,,,,,,0.8000006399997801,1632.0,758.88,225.01960603762828,190.92661687498912,51.25,SLM00575,Fernando de Noronha
2022-04-22,433.25,37.5,4.5,3335609.2482203124,158.17500235699148,1804.75,59.5,82.5,43.75,386.25,26.0,79.60000118613243,464.25,25854.0206832,,,,,,,,0.8000006400006896,1632.0,612.0,218.5811162578687,155.43839812499937,47.0,SLM00575,Fernando de Noronha
2022-04-23,435.75,37.5,4.875,3336264.715620625,157.71250235009924,1792.625,58.875,82.5,41.875,386.5,26.0,77.20000115036962,462.875,25858.0206864,,,,,,,,0.8000006399997801,1632.0,612.0,216.63797628760278,153.309104999993,49.25,SLM00575,Fernando de Noronha
2022-04-24,518.75,46.75,4.625,3336904.8047928126,197.62500294484175,1802.0,60.0,83.0,69.875,470.25,26.0,79.90000119060278,460.875,25862.0206896,,,,,,,,0.8000006399997801,1632.0,762.96,220.39910272678156,206.06825687503442,48.5,SLM00575,Fernando de Noronha
2022-04-25,434.75,36.75,4.0,3337681.405313125,153.33750228490675,1798.0,59.125,82.5,45.0,383.75,26.0,78.00000116229057,464.0,25866.020692799997,,,,,,,,0.8000006399997801,1632.0,599.76,214.9389095722364,138.04917093750555,51.0,SLM00575,Fernando de Noronha
2022-04-26,472.5,41.25,3.375,3338259.626690625,174.150002595037,1800.875,59.375,82.75,54.25,428.75,26.0,78.9000011757016,461.75,25870.020696,,,,,,,,0.8000006400006896,1632.0,673.2,219.42184210065835,186.43144249997567,43.75,SLM00575,Fernando de Noronha
2022-04-27,449.75,38.5,3.875,3339002.8682853123,161.6375024085865,1795.875,58.625,82.5,49.75,401.75,26.0,77.80000115931033,464.25,25875.0207,,,,,,,,0.8000006399997801,1632.0,628.3199999999999,216.16892313842567,167.85927468747832,48.0,SLM00575,Fernando de Noronha
2022-04-28,486.5,42.75,3.5,3339689.4470240623,186.36250277701748,1794.125,58.875,82.5,59.625,435.25,26.0,77.6000011563301,462.625,25878.5207028,,,,,,,,0.6000004799998351,1632.0,697.6800000000001,226.07373254878993,175.07521250005811,51.25,SLM00575,Fernando de Noronha
