Timestamp,Throttle Position [%],Oil_Press,Fuel_Rate,Total_Fuel,RPM,Fuel Filter Differential Pressure [kPa],Load,Oil Filter Differential Pressure [kPa],EXH_L,Coolant_Temp,Batt,Boost,EXH_R,SMH,EVENT_STATS,DIAG_STATS,Cumulative Idle Time [Hrs],Cumulative Fuel Used Daily [L],Cumulative Idle Fuel Usage [L],Run Status,SMH_DIFF,MaxPower,RealPower,BSFC,Total_Fuel_DIFF,EXH_DIFF,Asset,Site
2021-07-01,80.17142976607599,482.8809523809524,,3210829.285631905,1806.4761904761904,17.0,43.42857142857143,,436.5238095238095,25.0,26.5,73.61904761904762,,24612.099689664,,,,,,,0.026666688000009993,1632.0,708.7542857142857,,189.518354226192,,ABC00576,Ilhas Maldivas
2021-07-02,77.26666781802972,489.0,,3213394.3290187498,1799.875,17.0,27.166666666666668,,299.0,25.0,26.5,29.5,,24618.646361568,,,,,,,0.5600004479999067,1632.0,443.35999999999996,,110.40779166668653,,ABC00576,Ilhas Maldivas
2021-07-03,76.4000011384487,477.5,,3214110.71786125,1794.0,17.0,31.0,,338.0,25.0,26.5,43.0,,24626.899701504,,,,,,,0.0800000640010694,1632.0,505.92,,146.21146124973893,,ABC00576,Ilhas Maldivas
2021-07-04,77.26666781802975,471.3333333333333,,3214674.1130495835,1790.9166666666667,17.0,40.833333333333336,,416.0,25.0,26.5,64.08333333333333,,24631.859705472,,,,,,,0.5400004320005488,1632.0,666.4,,185.48509000001164,,ABC00576,Ilhas Maldivas
2021-07-05,78.1166678306957,469.6458333333333,,3217609.3239067183,1795.7708333333333,17.0,41.0,,419.4166666666667,25.0,26.5,64.875,,24646.0197168,,,,,,,0.9600007680000999,1632.0,669.12,,169.14079369792793,,ABC00576,Ilhas Maldivas
2021-07-06,78.46666783591108,475.7708333333333,,3220701.668710208,1804.2708333333333,17.0,29.25,,326.0833333333333,25.0,26.5,30.041666666666668,,24670.013069327997,,,,,,,0.9566674319999038,1632.0,477.35999999999996,,114.21291734375215,,ABC00576,Ilhas Maldivas
2021-07-07,79.48571547014369,473.0357142857143,,3223026.372360357,1809.392857142857,17.0,32.857142857142854,,352.07142857142856,25.0,26.5,37.607142857142854,,24688.73663409039,,,,,,,0.79177552519494,1632.0,536.2285714285714,,133.537097410698,,ABC00576,Ilhas Maldivas
2021-07-08,77.42500115372242,479.5625,,3224764.9021738283,1800.25,17.0,27.1875,,301.0,25.0,26.5,25.40625,,24704.099763264,,,,,,,0.640000511999915,1632.0,443.7,,96.73496960938792,,ABC00576,Ilhas Maldivas
2021-07-09,77.20000115036964,486.25,,3225832.870827917,1799.4166666666667,17.0,25.5,,284.0,25.0,26.5,24.833333333333332,,24714.453104879998,,,,,,,0.20000015999964185,1632.0,416.16,,80.43996250000782,,ABC00576,Ilhas Maldivas
2021-07-10,78.0000011622906,559.5,,3226070.24758,1805.0,,28.0,,340.0,,,34.5,,24718.339774656,,,,,,,0.44000035199860577,1632.0,456.96,,175.07521249959245,,ABC00576,Ilhas Maldivas
2021-07-11,77.81818297776312,482.8181818181818,,3226988.5106171593,1797.2272727272727,,37.72727272727273,,402.54545454545456,,,57.04545454545455,,24721.550686315637,,,,,,,0.4436367185454318,1632.0,615.709090909091,,146.3405093181963,,ABC00576,Ilhas Maldivas
2021-07-12,76.48000113964079,488.75,,3228398.700588625,1794.35,,27.8,,310.3,,,25.25,,24732.1477857024,,,,,,,0.48000038400023187,1632.0,453.696,,113.79888812499121,,ABC00576,Ilhas Maldivas
2021-07-13,77.30000115185975,481.25,,3229286.0716690626,1789.0,,44.75,,444.0,,,72.625,,24742.159793712002,,,,,,,0.07000005600002623,1632.0,730.3199999999999,,197.4327903125668,,ABC00576,Ilhas Maldivas
2021-07-14,,,,,,,,,,,,,,,,,,,,,,,,,,,ABC00576,Ilhas Maldivas
2021-07-15,77.6000011563301,488.8333333333333,,3229905.34108625,1800.6666666666667,,30.0,,299.3333333333333,,,29.333333333333332,,24745.939796736,,,,,,,0.9600007680007062,1632.0,489.6000000000001,,123.49900124998142,,ABC00576,Ilhas Maldivas
2021-07-16,77.6000011563301,485.4583333333333,,3231651.0657135937,1797.8958333333333,,31.875,,305.6666666666667,,,29.0625,,24758.799807024,,,,,,,0.8500006799998422,1632.0,520.1999999999999,,124.95796135417186,,ABC00576,Ilhas Maldivas
2021-07-17,77.6000011563301,537.0,,3233152.27651375,1795.5,,30.0,,292.0,,,41.5,,24772.659818112,,,,,,,0.8800007040008495,1632.0,489.6,,123.0258249999024,,ABC00576,Ilhas Maldivas
2021-07-18,77.9666678284605,485.75,,3234796.051374896,1800.6666666666667,,32.0,,305.2916666666667,,,30.770833333333332,,24783.789827015997,,,,,,,0.8900007120000737,1632.0,522.24,,128.99967515623817,,ABC00576,Ilhas Maldivas
2021-07-19,78.43333450208104,485.1666666666667,,3237862.9235235937,1804.7083333333333,,31.833333333333332,,303.4166666666667,,,31.229166666666668,,24807.019845599996,,,,,,,0.9600007680000999,1632.0,519.52,,130.10375307292756,,ABC00576,Ilhas Maldivas
2021-07-20,78.70000117272134,484.5,,3241051.7174193747,1804.5625,,33.125,,308.9583333333333,,,31.416666666666668,,24831.019864799997,,,,,,,0.9600007680000999,1632.0,540.6,,133.0808203124907,,ABC00576,Ilhas Maldivas
2021-07-21,79.6000011861324,484.4375,,3244209.2816826566,1809.25,,32.75,,308.75,,,31.958333333333332,,24855.019883999998,,,,,,,0.9600007680000999,1632.0,534.48,,132.09503645834047,,ABC00576,Ilhas Maldivas
2021-07-22,79.58333451921739,485.8541666666667,,3247261.130485417,1810.0833333333333,,31.125,,292.5833333333333,,,28.0,,24879.0199032,,,,,,,0.9600007679999484,1632.0,507.96,,122.94696229166584,,ABC00576,Ilhas Maldivas
2021-07-23,80.13333452741303,483.7708333333333,,3250448.307695677,1812.1458333333333,,34.375,,318.375,,,31.1875,,24903.0199224,,,,,,,0.9600007680000999,1632.0,561.0,,140.55306192708667,,ABC00576,Ilhas Maldivas
2021-07-24,80.8000012040138,484.375,,3253686.114764687,1816.7083333333333,,33.708333333333336,,307.125,,,30.3125,,24926.949941543997,,,,,,,0.9250007399999353,1632.0,550.12,,128.9208124479046,,ABC00576,Ilhas Maldivas
2021-07-25,80.8000012040138,484.5,,3256088.717871518,1817.5357142857142,,32.642857142857146,,301.07142857142856,,,26.285714285714285,,24943.159954512,,,,,,,0.680000543999995,1632.0,532.7314285714285,,122.92443008930422,,ABC00576,Ilhas Maldivas
2021-07-26,79.50000118464233,481.75,,3257765.3080689064,1801.8125,,47.75,,428.75,,,86.3125,,24958.184966532,,,,,,,0.3950003159998232,1632.0,779.28,,223.2800429687486,,ABC00576,Ilhas Maldivas
2021-07-27,80.72000120282172,468.6,,3260449.088839333,1808.9666666666667,,51.733333333333334,,429.53333333333336,,,95.93333333333334,,24965.939972736,,,,,,,0.7200005760001659,1632.0,844.288,,221.32030466667686,,ABC00576,Ilhas Maldivas
2021-07-28,,,,,,,,,,,,,,,,,,,,,,,,,,,ABC00576,Ilhas Maldivas
2021-07-29,79.200001180172,480.0,,3262199.9355995837,1810.1666666666667,,27.0,,249.0,,,21.833333333333332,,24978.299982624,,,,,,,0.12000009600039145,1632.0,440.64000000000004,,79.96678625000641,,ABC00576,Ilhas Maldivas
2021-07-30,79.50769349244923,472.0,,3263538.23576,1802.8461538461538,,47.61538461538461,,411.7692307692308,,,81.53846153846153,,24986.71845089723,,,,,,,0.38769261784629916,1632.0,777.0830769230769,,214.60362846153572,,ABC00576,Ilhas Maldivas
2021-07-31,80.20000119507316,471.5625,,3265744.597466719,1809.0,,38.0,,343.2857142857143,,,49.25,,24991.61999328,,,,,,,0.48000038400004996,1632.0,620.16,,144.14131515624467,,ABC00576,Ilhas Maldivas
2021-08-01,,,,,,,,,,,,,,,,,,,,,,,,,,,ABC00576,Ilhas Maldivas
2021-08-02,,,,,,,,,,,,,,,,,,,,,,,,,,,ABC00576,Ilhas Maldivas
2021-08-03,,,,,,,,,,,,,,,,,,,,,,,,,,,ABC00576,Ilhas Maldivas
2021-08-04,76.53333447376887,479.1666666666667,,3266568.062151458,1795.25,,28.166666666666668,,275.0,,,22.416666666666668,,25003.020002399997,,,,,,,0.24000019200017655,1632.0,459.68,,112.77367291661601,,ABC00576,Ilhas Maldivas
2021-08-05,77.2000011503696,476.7857142857143,,3267333.4472680357,1796.357142857143,,30.571428571428573,,294.2857142857143,,,28.0,,25010.614294189716,,,,,,,0.5028575451433426,1632.0,498.92571428571426,,122.82303517857301,,ABC00576,Ilhas Maldivas
2021-08-06,77.45000115409489,472.0833333333333,,3269300.122671927,1796.3541666666667,,32.875,,306.2083333333333,,,31.770833333333332,,25025.02002,,,,,,,0.9600007680000999,1632.0,536.52,,136.19589729166668,,ABC00576,Ilhas Maldivas
2021-08-07,79.38333451623718,469.0,,3272836.48423901,1806.5208333333333,,36.166666666666664,,329.5,,,36.979166666666664,,25049.0200392,,,,,,,0.9600007680000999,1632.0,590.24,,143.17524697916815,,ABC00576,Ilhas Maldivas
2021-08-08,79.28333451474708,466.9791666666667,,3276422.785616146,1805.2916666666667,,38.666666666666664,,353.3333333333333,,,39.9375,,25073.0200584,,,,,,,0.9600007680000999,1632.0,631.0400000000001,,163.50211005209712,,ABC00576,Ilhas Maldivas
2021-08-09,79.88333452368776,467.6875,,3280232.9782222398,1808.6875,,36.791666666666664,,333.0416666666667,,,35.041666666666664,,25097.0200776,,,,,,,0.9600007679999484,1632.0,600.4399999999999,,151.37696864582054,,ABC00576,Ilhas Maldivas
2021-08-10,80.0000011920929,467.9583333333333,,3283805.4391940627,1810.6041666666667,,35.458333333333336,,329.625,,,32.75,,25121.0200968,,,,,,,0.9600007680000999,1632.0,578.68,,146.94094130208637,,ABC00576,Ilhas Maldivas
2021-08-11,77.9333344946305,469.1666666666667,,3287083.3873816147,1799.9791666666667,,33.041666666666664,,313.4583333333333,,,28.895833333333332,,25145.020116,,,,,,,0.9600007680000999,1632.0,539.24,,131.7598699479131,,ABC00576,Ilhas Maldivas
2021-08-12,78.8000011742115,468.3333333333333,,3290434.362437083,1805.3541666666667,,33.875,,319.875,,,32.291666666666664,,25169.030135208,,,,,,,0.9650007720000152,1632.0,552.84,,141.5388457812563,,ABC00576,Ilhas Maldivas
2021-08-13,79.42608814006265,466.4347826086956,,3293971.6360685327,1804.0434782608695,,38.69565217391305,,352.4347826086956,,,42.869565217391305,,25193.140154496003,,,,,,,0.9947834045219086,1632.0,631.5130434782608,,166.18772815216494,,ABC00576,Ilhas Maldivas
2021-08-14,79.55000118538736,467.5625,,3297690.2639270313,1807.3333333333333,,35.291666666666664,,328.2083333333333,,,34.9375,,25217.0201736,,,,,,,0.9600007679999484,1632.0,575.9599999999999,,143.21467833333494,,ABC00576,Ilhas Maldivas
2021-08-15,79.85000118985771,467.4166666666667,,3301067.2045292184,1809.1041666666667,,35.375,,325.9166666666667,,,32.479166666666664,,25241.017034902736,,,,,,,0.9584218193684441,1632.0,577.32,,145.54112822917523,,ABC00576,Ilhas Maldivas
2021-08-16,80.0000011920929,466.5833333333333,,3304662.1019415627,1809.7708333333333,,36.083333333333336,,333.625,,,31.666666666666668,,25265.023369897262,,,,,,,0.9263917185565637,1632.0,588.88,,149.9968712500025,,ABC00576,Ilhas Maldivas
2021-08-17,80.0000011920929,465.5,,3308356.3860820835,1808.3333333333333,,39.291666666666664,,355.0,,,40.166666666666664,,25288.890231096,,,,,,,0.895000715999989,1632.0,641.24,,160.84049364582947,,ABC00576,Ilhas Maldivas
2021-08-18,80.0000011920929,466.5,,3310918.615760156,1809.5,,37.625,,337.375,,,36.375,,25301.32024104,,,,,,,0.44000035199997,1632.0,614.04,,164.66533499996876,,ABC00576,Ilhas Maldivas
2021-08-19,,,,,,,,,,,,,,,,,,,,,,,,,,,ABC00576,Ilhas Maldivas
2021-08-20,,,,,,,,,,,,,,,,,,,,,,,,,,,ABC00576,Ilhas Maldivas
2021-08-21,,,,,,,,,,,,,,,,,,,,,,,,,,,ABC00576,Ilhas Maldivas
2021-08-22,80.4000011980534,462.125,,3312067.6651362497,1800.375,,55.5,,456.25,,,105.0,616.75,25311.390249096003,,,,,,,0.7000005599993528,1632.0,905.76,,243.09429843758699,160.5,ABC00576,Ilhas Maldivas
2021-08-23,80.4000011980534,460.125,,3314983.37718875,1801.425,,51.85,,438.55,,,95.0,589.75,25322.440257936,,,,,,,0.920000735999929,1632.0,846.192,,227.64509387498256,151.2,ABC00576,Ilhas Maldivas
2021-08-24,,,,,,,,,,,,,,,,,,,,,,,,,,,ABC00576,Ilhas Maldivas
2021-08-25,77.24000115096568,479.25,,3317611.161493125,1800.45,,25.7,,251.0,,,19.95,298.3,25339.061104566,,,,,,,0.2230001784002525,1632.0,419.424,,90.32934612501413,47.3,ABC00576,Ilhas Maldivas
2021-08-26,,,,,,,,,,,,,,,,,,,,,,,,,,,ABC00576,Ilhas Maldivas
2021-08-27,76.9333344797293,472.8333333333333,,3318534.1969190277,1797.3333333333333,,27.22222222222222,,269.55555555555554,,,20.944444444444443,325.8888888888889,25349.140279296,,,,,,,0.3600002879999617,1632.0,444.26666666666665,,99.62988819445793,56.333333333333336,ABC00576,Ilhas Maldivas
2021-08-28,78.07058939863654,467.4117647058824,,3320307.612021544,1795.9411764705883,,41.76470588235294,,379.88235294117646,,,56.55882352941177,506.0,25363.227153310585,,,,,,,0.5778435995294678,1632.0,681.6,,179.19462926469416,126.11764705882354,ABC00576,Ilhas Maldivas
2021-08-29,78.03636479919606,466.95454545454544,,3322870.020827614,1797.2272727272727,,36.09090909090909,,341.1818181818182,,,41.54545454545455,438.72727272727275,25374.187572061088,,,,,,,0.47272765090912633,1632.0,589.0036363636364,,153.309104999993,97.54545454545455,ABC00576,Ilhas Maldivas
2021-08-30,74.8000011146069,480.0,,3323757.95756875,1789.0,,17.0,,224.0,,,21.0,211.0,25381.22030496,,,,,,,0.0800000640010694,1632.0,277.44,,41.16633375035599,13.0,ABC00576,Ilhas Maldivas
2021-08-31,,,,,,,,,,,,,,,,,,,,,,,,,,,ABC00576,Ilhas Maldivas
2021-09-01,76.8000011444092,477.8333333333333,,3323917.1025141664,1793.8333333333333,,32.333333333333336,,312.6666666666667,,,36.166666666666664,400.3333333333333,25383.300306624,,,,,,,0.6400005120000666,1632.0,527.68,,161.984002916608,87.66666666666667,ABC00576,Ilhas Maldivas
2021-09-02,78.0000011622906,469.34375,,3325274.724038125,1801.5,,31.6875,,307.0,,,29.34375,405.75,25395.375316284,,,,,,,0.6700005360000887,1632.0,517.14,,131.33598289062502,98.75,ABC00576,Ilhas Maldivas
2021-09-03,78.0000011622906,467.9375,,3327379.8556008595,1801.78125,,32.25,,309.375,,,28.46875,411.75,25407.520325999998,,,,,,,0.7600006080001549,1632.0,526.32,,132.6372175781289,102.375,ABC00576,Ilhas Maldivas
2021-09-04,,,,,,,,,,,,,,,,,,,,,,,,,,,ABC00576,Ilhas Maldivas
2021-09-05,,,,,,,,,,,,,,,,,,,,,,,,,,,ABC00576,Ilhas Maldivas
2021-09-06,,,,,,,,,,,,,,,,,,,,,,,,,,,ABC00576,Ilhas Maldivas
2021-09-07,79.81538580472655,464.5769230769231,,3329272.5719752884,1810.3076923076924,,33.0,,313.0,,,30.0,402.38461538461536,25426.189571704617,,,,,,,0.5723081501539407,1632.0,538.56,,132.34375730769423,89.38461538461539,ABC00576,Ilhas Maldivas
2021-09-08,78.40000116825107,463.3333333333333,,3331686.203078594,1802.9166666666667,,32.083333333333336,,306.625,,,29.916666666666668,395.5833333333333,25443.0203544,,,,,,,0.9600007680000999,1632.0,523.6,,130.53749796874277,88.95833333333333,ABC00576,Ilhas Maldivas
2021-09-09,79.4833345177273,462.4166666666667,,3334971.032037448,1808.3333333333333,,33.833333333333336,,319.875,,,29.770833333333332,414.1666666666667,25467.0203736,,,,,,,0.9600007680000999,1632.0,552.16,,138.97580776041528,94.29166666666667,ABC00576,Ilhas Maldivas
2021-09-10,79.00000117719175,460.8333333333333,,3338520.6228238544,1803.9791666666667,,36.291666666666664,,339.0416666666667,,,34.75,451.0833333333333,25491.0203928,,,,,,,0.9600007679999484,1632.0,592.28,,150.39118479167033,112.04166666666667,ABC00576,Ilhas Maldivas
2021-09-11,79.53333451847236,462.0,,3341942.6728952085,1807.6875,,34.875,,323.5416666666667,,,31.979166666666668,426.25,25515.020411999998,,,,,,,0.9600007680000999,1632.0,569.16,,140.92765979166143,102.70833333333333,ABC00576,Ilhas Maldivas
2021-09-12,79.80000118911266,459.6458333333333,,3345583.0938059376,1807.5833333333333,,39.916666666666664,,362.9166666666667,,,46.208333333333336,481.0,25539.0204312,,,,,,,0.9600007680000999,1632.0,651.4399999999999,,167.85927468751711,118.08333333333333,ABC00576,Ilhas Maldivas
2021-09-13,79.5000011846423,461.7083333333333,,3349437.962136302,1807.3541666666667,,35.208333333333336,,331.0416666666667,,,32.333333333333336,436.7916666666667,25563.037117080003,,,,,,,0.966667440000189,1632.0,574.6,,147.96615651040338,105.75,ABC00576,Ilhas Maldivas
2021-09-14,79.98260988748594,461.8478260869565,,3352786.188997826,1809.9782608695652,,34.869565217391305,,335.69565217391306,,,34.630434782608695,424.39130434782606,25587.17699146435,,,,,,,0.9930442726956402,1632.0,569.0713043478261,,150.22317293478662,88.69565217391305,ABC00576,Ilhas Maldivas
2021-09-15,80.88333453858891,461.1875,,3356409.4255529684,1815.6041666666667,,36.25,,330.0,,,32.145833333333336,433.1666666666667,25611.0204888,,,,,,,0.9600007679999484,1632.0,591.6,,144.65392276041288,103.16666666666667,ABC00576,Ilhas Maldivas
2021-09-16,80.48333453262849,461.0625,,3359908.62306875,1813.6875,,36.416666666666664,,333.625,,,34.041666666666664,433.6666666666667,25635.020507999998,,,,,,,0.9600007680000999,1632.0,594.32,,146.5860591145853,100.04166666666667,ABC00576,Ilhas Maldivas
2021-09-17,79.83333452294269,461.8541666666667,,3363193.156292448,1810.4791666666667,,33.75,,320.9166666666667,,,30.5,412.0,25658.9371938,,,,,,,0.926667408000109,1632.0,550.8,,135.42698588542407,91.08333333333333,ABC00576,Ilhas Maldivas
2021-09-18,80.3250011969358,461.09375,,3366041.0168422656,1814.53125,,35.1875,,333.0625,,,30.8125,429.375,25676.5205412,,,,,,,0.7600006079999275,1632.0,574.26,,139.64614078123122,96.3125,ABC00576,Ilhas Maldivas
2021-09-19,79.68000118732452,491.56666666666666,,3368811.497302667,1801.3666666666666,,49.266666666666666,,424.6,,,85.56666666666666,568.4666666666667,25693.820555039998,,,,,,,0.6000004800000169,1632.0,804.0319999999999,,220.15313658335558,143.86666666666667,ABC00576,Ilhas Maldivas
2021-09-20,,,,,,,,,,,,,,,,,,,,,,,,,,,ABC00576,Ilhas Maldivas
2021-09-21,76.64000114202501,496.9,,3370724.10725025,1796.5,,27.4,,286.75,,,23.3,344.8,25705.020564,,,,,,,0.20000015999976312,1632.0,447.168,,103.81486924998462,68.0,ABC00576,Ilhas Maldivas
2021-09-22,76.68000114262104,495.0,,3371472.0569486255,1794.2,,29.8,,285.1,,,28.9,349.9,25710.880568688,,,,,,,0.36000028800008294,1632.0,486.33599999999996,,96.95381362498738,64.8,ABC00576,Ilhas Maldivas
2021-09-23,76.94545569203116,502.22727272727275,,3372490.3795562503,1797.6363636363637,,26.636363636363637,,267.8181818181818,,,23.454545454545453,318.54545454545456,25722.198759560728,,,,,,,0.44727308509060426,1632.0,434.7054545454546,,100.35638102271001,50.72727272727273,ABC00576,Ilhas Maldivas
2021-09-24,76.87619162173496,491.85714285714283,,3374147.4202515474,1796.952380952381,,27.523809523809526,,276.2857142857143,,,20.11904761904762,324.8095238095238,25736.70820839771,,,,,,,0.7917466651429311,1632.0,449.1885714285714,,96.21250416668842,48.523809523809526,ABC00576,Ilhas Maldivas
2021-09-25,74.8000011146069,502.25,,3375143.242201875,1788.5,,19.5,,200.5,,,20.75,242.5,25747.542337147825,,,,,,,0.08695659130353306,1632.0,318.24,,84.69854874978773,42.0,ABC00576,Ilhas Maldivas
2021-09-26,,,,,,,,,,,,,,,,,,,,,,,,,,,ABC00576,Ilhas Maldivas
2021-09-27,80.7000012025237,495.5,,3375443.1176503124,1817.5,,29.0,,283.0,,,23.375,329.0,25750.500600384,,,,,,,0.16000012800031982,1632.0,473.28,,105.51830375008285,46.0,ABC00576,Ilhas Maldivas
2021-09-28,78.48889005846446,488.6111111111111,,3376182.3635344445,1799.4444444444443,,39.22222222222222,,340.44444444444446,,,50.666666666666664,437.55555555555554,25759.17616288,,,,,,,0.40000031999968794,1632.0,640.1066666666667,,158.67176916667572,97.11111111111111,ABC00576,Ilhas Maldivas
2021-09-29,78.40000116825104,522.8333333333334,,3377350.2150945836,1796.8333333333333,,43.333333333333336,,388.3333333333333,,,79.66666666666667,517.3333333333334,25764.660611712,,,,,,,0.8800007039996368,1632.0,707.1999999999999,,222.86601374996826,129.0,ABC00576,Ilhas Maldivas
2021-09-30,80.64347946255103,486.4347826086956,,3380061.5081494567,1810.5,,43.391304347826086,,383.1304347826087,,,64.17391304347827,512.0869565217391,25776.900621504003,,,,,,,0.893913758608624,1632.0,708.1460869565218,,181.47337831520355,128.95652173913044,ABC00576,Ilhas Maldivas
2021-10-01,80.8500012047589,487.4166666666667,,3383659.8035158855,1813.9375,,37.5,,340.4166666666667,,,41.0,450.625,25799.98730664,,,,,,,0.9466674240000733,1632.0,612.0,,149.720851770835,110.20833333333333,ABC00576,Ilhas Maldivas
2021-10-02,79.08889006740517,487.1666666666667,,3386786.5587477777,1805.1944444444443,,34.77777777777778,,329.44444444444446,,,35.52777777777778,431.05555555555554,25819.900655904,,,,,,,0.880000703999839,1632.0,567.5733333333333,,148.94536847222804,101.61111111111111,ABC00576,Ilhas Maldivas
2021-10-03,77.23077038159737,492.7692307692308,,3388959.5701228846,1795.6153846153845,,33.0,,323.46153846153845,,,40.80769230769231,410.2307692307692,25837.860670272003,,,,,,,0.48307730953848266,1632.0,538.5600000000001,,132.78053538461862,86.76923076923077,ABC00576,Ilhas Maldivas
2021-10-04,78.8941188226728,485.2647058823529,,3391434.408233456,1799.8529411764705,,42.23529411764706,,382.05882352941177,,,65.32352941176471,500.8235294117647,25849.33664583933,,,,,,,0.6801926209843847,1632.0,689.28,,170.4269516911796,118.76470588235294,ABC00576,Ilhas Maldivas
2021-10-05,78.0000011622906,491.0,,3392873.3928775,1804.5,,27.0,,284.0,,,25.5,329.0,25858.428849991837,,,,,,,0.08163271836747299,1632.0,440.64,,169.39709750004113,45.0,ABC00576,Ilhas Maldivas
2021-10-06,,,,,,,,,,,,,,,,,,,,,,,,,,,ABC00576,Ilhas Maldivas
2021-10-07,,,,,,,,,,,,,,,,,,,,,,,,,,,ABC00576,Ilhas Maldivas
2021-10-08,78.26666783293088,483.5,,3393487.6545127085,1791.3333333333333,,45.5,,385.6666666666667,,,76.0,507.3333333333333,25865.150692103998,,,,,,,0.1850001479997445,1632.0,742.56,,203.3080620833207,121.66666666666667,ABC00576,Ilhas Maldivas
2021-10-09,74.8000011146069,551.0,,3394262.6383475,1788.0,,18.0,,201.0,,,49.0,,25868.0206944,,,,,,,,1632.0,293.76,,48.26397750014439,,ABC00576,Ilhas Maldivas
2021-10-10,77.73333449165027,493.0,,3394588.814509167,1787.1666666666667,,46.333333333333336,,475.3333333333333,,,82.33333333333333,542.3333333333334,25868.660694912,,,,,,,0.2400001920007829,1632.0,756.16,,231.54091166658327,67.0,ABC00576,Ilhas Maldivas
2021-10-11,77.80000115931034,479.0,,3395110.5701874997,1789.0,,49.0,,481.0,,,83.25,557.0,25869.340695455998,,,,,,,0.24000019199957023,1632.0,799.6800000000001,,208.67072625015862,76.0,ABC00576,Ilhas Maldivas
2021-10-12,79.84000118970872,490.6,,3395763.9319535,1809.5,,36.4,,374.4,,,59.2,407.2,25878.42070272,,,,,,,0.20000015999976312,1632.0,594.048,,147.2524489999749,32.8,ABC00576,Ilhas Maldivas
2021-10-13,79.28333451474708,481.7291666666667,,3398201.6137563023,1803.9791666666667,,38.5,,398.25,,,58.541666666666664,441.9583333333333,25893.05761919143,,,,,,,0.8547625885713993,1632.0,628.32,,162.55575755207488,43.708333333333336,ABC00576,Ilhas Maldivas
2021-10-14,80.36000119745731,483.05,,3400676.4477810003,1812.65,,34.8,,365.5,,,39.65,406.3,25908.84215562857,,,,,,,0.835714954285504,1632.0,567.9359999999999,,132.06349137499927,40.8,ABC00576,Ilhas Maldivas
2021-10-15,,,,,,,,,,,,,,,,,,,,,,,,,,,ABC00576,Ilhas Maldivas
2021-10-16,,,,,,,,,,,,,,,,,,,,,,,,,,,ABC00576,Ilhas Maldivas
2021-10-17,,,,,,,,,,,,,,,,,,,,,,,,,,,ABC00576,Ilhas Maldivas
2021-10-18,78.27500116638835,491.4375,,3402871.873201641,1796.53125,,45.0,,460.0,,,76.34375,527.375,25923.0192800655,,,,,,,0.49541706300010446,1632.0,734.4,,197.93554007812054,67.375,ABC00576,Ilhas Maldivas
2021-10-19,78.25454662062903,494.6363636363636,,3405093.2555657956,1805.5454545454545,,28.09090909090909,,317.3636363636364,,,44.77272727272727,331.3636363636364,25932.45968534509,,,,,,,0.49409130436370935,1632.0,458.44363636363636,,98.03351579547267,14.909090909090908,ABC00576,Ilhas Maldivas
2021-10-20,78.31111227803757,487.77777777777777,,3405982.0048318054,1808.3333333333333,,25.0,,302.22222222222223,,,32.388888888888886,273.8888888888889,25945.4652008,,,,,,,0.5822226880001027,1632.0,408.0,,89.3777361111198,28.555555555555557,ABC00576,Ilhas Maldivas
2021-10-21,78.20000116527079,473.0208333333333,,3407700.0749360938,1801.8333333333333,,32.75,,389.6666666666667,,,46.020833333333336,371.4166666666667,25961.020768799997,,,,,,,0.9600007679999484,1632.0,534.48,,133.77086901041912,19.0,ABC00576,Ilhas Maldivas
2021-10-22,77.71666782473524,473.75,,3411303.233217135,1798.1041666666667,,32.458333333333336,,392.9583333333333,,,44.395833333333336,372.9166666666667,25985.020787999998,,,,,,,0.9600007680000999,1632.0,529.7199999999999,,126.3774901041567,20.208333333333332,ABC00576,Ilhas Maldivas
2021-10-23,77.78333449239531,474.0,,3413947.539258906,1800.2916666666667,,28.708333333333332,,360.875,,,31.958333333333332,334.5833333333333,26009.0208072,,,,,,,0.9600007680000999,1632.0,468.52,,111.09784036459557,26.291666666666668,ABC00576,Ilhas Maldivas
2021-10-24,79.0500011779368,472.8541666666667,,3416508.9605942187,1809.6666666666667,,28.916666666666668,,352.3333333333333,,,33.583333333333336,322.9166666666667,26033.075371898183,,,,,,,0.9818189672728295,1632.0,471.92,,105.49858807291214,29.416666666666668,ABC00576,Ilhas Maldivas
2021-10-25,79.200001180172,472.35714285714283,,3419227.304636488,1809.8095238095239,,28.571428571428573,,354.23809523809524,,,33.26190476190476,328.0,26057.54898455065,,,,,,,1.0735939324674422,1632.0,466.2857142857143,,124.76080458331853,26.238095238095237,ABC00576,Ilhas Maldivas
2021-10-26,79.200001180172,472.2173913043478,,3421753.8904521735,1810.2826086956522,,28.304347826086957,,351.5652173913044,,,30.26086956521739,321.69565217391306,26081.177386664345,,,,,,,0.9930442726956402,1632.0,461.9269565217391,,111.34042891305263,29.869565217391305,ABC00576,Ilhas Maldivas
2021-10-27,80.20000119507317,470.75,,3424544.5973971356,1813.3125,,31.75,,374.9583333333333,,,39.75,346.5416666666667,26105.020883999998,,,,,,,0.9600007680000999,1632.0,518.16,,118.84610145833965,28.5,ABC00576,Ilhas Maldivas
2021-10-28,80.4000011980534,471.2291666666667,,3427174.234975156,1815.4375,,30.958333333333332,,370.75,,,35.333333333333336,340.9166666666667,26129.0209032,,,,,,,0.9600007680000999,1632.0,505.24,,116.6379456249997,29.833333333333332,ABC00576,Ilhas Maldivas
2021-10-29,80.4000011980534,469.8333333333333,,3430168.4548538025,1814.0,,32.5,,387.75,,,40.979166666666664,360.7916666666667,26152.8542556,,,,,,,0.8933340480001183,1632.0,530.4,,120.7388064583259,26.958333333333332,ABC00576,Ilhas Maldivas
2021-10-30,78.40000116825107,477.5,,3432278.767414822,1805.5714285714287,,27.714285714285715,,338.42857142857144,,,32.17857142857143,306.42857142857144,26170.59236502857,,,,,,,0.6285719314283986,1632.0,452.29714285714283,,94.97323303573232,32.0,ABC00576,Ilhas Maldivas
2021-10-31,76.26000113636256,474.95,,3433809.6446759375,1793.275,,25.7,,322.85,,,26.275,292.65,26187.560950032,,,,,,,0.7280005824002729,1632.0,419.424,,91.2993574374821,30.2,ABC00576,Ilhas Maldivas
2021-11-01,75.9428582744939,475.2857142857143,,3435007.439655357,1793.5714285714287,,24.428571428571427,,310.2857142857143,,,24.0,281.57142857142856,26198.540958816,,,,,,,0.4400003519996452,1632.0,398.67428571428576,,99.23181928574506,28.714285714285715,ABC00576,Ilhas Maldivas
2021-11-02,,,,,,,,,,,,,,,,,,,,,,,,,,,ABC00576,Ilhas Maldivas
2021-11-03,76.8000011444092,471.8333333333333,,3435605.6245641666,1791.1666666666667,,32.0,,396.0,,,44.833333333333336,372.3333333333333,26207.940966336,,,,,,,0.12000009600039145,1632.0,522.24,,124.76080458331853,23.666666666666668,ABC00576,Ilhas Maldivas
2021-11-04,,,,,,,,,,,,,,,,,,,,,,,,,,,ABC00576,Ilhas Maldivas
2021-11-05,,,,,,,,,,,,,,,,,,,,,,,,,,,ABC00576,Ilhas Maldivas
2021-11-06,,,,,,,,,,,,,,,,,,,,,,,,,,,ABC00576,Ilhas Maldivas
2021-11-07,76.66666780908902,476.0,,3435942.683779584,1793.6666666666667,,30.0,,365.6666666666667,,,46.333333333333336,342.6666666666667,26210.08763472,,,,,,,0.0666667199996785,1632.0,489.6000000000001,,129.80801791666696,23.0,ABC00576,Ilhas Maldivas
2021-11-08,,,,,,,,,,,,,,,,,,,,,,,,,,,ABC00576,Ilhas Maldivas
2021-11-09,76.5714297124318,468.0,,3436710.874155357,1790.5714285714287,,37.714285714285715,,437.0,,,64.0,426.42857142857144,26216.735259085715,,,,,,,0.2857145142853759,1632.0,615.4971428571428,,155.06661678571254,12.285714285714286,ABC00576,Ilhas Maldivas
2021-11-10,78.0000011622906,473.9,,3437788.9859619997,1804.6,,26.2,,338.9,,,27.9,304.4,26226.4769811648,,,,,,,0.5680004544003168,1632.0,427.584,,115.64427550002002,34.5,ABC00576,Ilhas Maldivas
2021-11-11,78.0000011622906,469.7916666666667,,3439848.1031059898,1802.6458333333333,,29.125,,365.9583333333333,,,36.104166666666664,335.125,26242.0209936,,,,,,,0.9600007680000999,1632.0,475.32,,113.58201567708359,30.833333333333332,ABC00576,Ilhas Maldivas
2021-11-12,78.0000011622906,469.3958333333333,,3442409.169559114,1802.7916666666667,,28.25,,356.75,,,33.041666666666664,324.5833333333333,26265.97101276,,,,,,,0.9350007480000689,1632.0,461.03999999999996,,107.1547049479171,32.166666666666664,ABC00576,Ilhas Maldivas
2021-11-13,76.80000114440921,470.27777777777777,,3444693.841935208,1796.9722222222222,,27.77777777777778,,353.3888888888889,,,32.05555555555556,321.77777777777777,26286.994362912,,,,,,,0.7933339680000953,1632.0,453.3333333333333,,108.93568777776737,31.61111111111111,ABC00576,Ilhas Maldivas
2021-11-14,76.15000113472344,467.7708333333333,,3446956.5904783853,1790.875,,30.25,,378.8333333333333,,,36.854166666666664,352.6666666666667,26309.016341313883,,,,,,,0.957647824941129,1632.0,493.68,,115.849318541664,26.5,ABC00576,Ilhas Maldivas
2021-11-15,78.73043595578359,468.19565217391306,109.53000163212417,3449773.886156902,1806.608695652174,12.95,28.47826086956522,55.2,364.69565217391306,80.9,26.0,30.347826086956523,332.9130434782609,26332.84510717995,,,,,,,0.9597961642558284,1632.0,464.76521739130436,200.53783823728875,115.66073380434966,31.782608695652176,ABC00576,Ilhas Maldivas
2021-11-16,78.23333449910083,456.0625,195.30416957692537,3453265.9028802086,1796.1875,14.208333333333334,45.291666666666664,57.520833333333336,504.0,83.58333333333333,26.0,90.27083333333333,500.875,26356.985668904996,,,,,,,0.9458340900000621,1632.0,739.16,221.98603446307627,195.91468317707768,5.958333333333333,ABC00576,Ilhas Maldivas
2021-11-17,77.26956636879753,466.2608695652174,128.84782800693878,3457586.4992206525,1795.9565217391305,16.17391304347826,32.73913043478261,55.80434782608695,388.4347826086956,81.69565217391305,26.0,53.47826086956522,368.3478260869565,26380.291756390438,,,,,,,0.899565937043403,1632.0,534.3026086956521,197.90037025620302,128.97138744566345,20.26086956521739,ABC00576,Ilhas Maldivas
2021-11-18,76.23333446929855,469.7083333333333,90.88541802096488,3459793.802993854,1794.8541666666667,15.270833333333334,25.375,54.604166666666664,323.0833333333333,80.66666666666667,26.0,24.1875,294.7916666666667,26404.0211232,,,,,,,0.9600007680000999,1632.0,414.12000000000006,184.77114521659863,88.46424307291939,28.291666666666668,ABC00576,Ilhas Maldivas
2021-11-19,76.01666779940331,468.0833333333333,95.47916808941709,3462112.386334531,1793.6041666666667,15.416666666666666,26.0,54.875,337.0416666666667,81.0,26.0,25.4375,310.5416666666667,26428.008047151427,,,,,,,0.9547626685713718,1632.0,424.32,190.19593256163526,94.77325973956613,26.583333333333332,ABC00576,Ilhas Maldivas
2021-11-20,77.28695767340452,481.0,89.78043612044137,3464204.753710761,1801.0652173913043,15.065217391304348,25.130434782608695,65.30434782608695,323.17391304347825,80.17391304347827,26.0,29.73913043478261,291.5217391304348,26451.752217285466,,,,,,,0.8860424931361036,1632.0,410.12869565217386,184.06967571070686,94.42952119565123,31.652173913043477,ABC00576,Ilhas Maldivas
2021-11-21,78.400001168251,485.7083333333333,98.74166813803218,3466521.0680341665,1807.1041666666667,13.166666666666666,26.666666666666668,72.5,335.4166666666667,80.625,26.0,30.520833333333332,306.9583333333333,26475.02118,,,,,,,0.9600007680000999,1632.0,435.2,192.86492493262676,98.1840718750027,28.458333333333332,ABC00576,Ilhas Maldivas
2021-11-22,78.4833345028261,484.1041666666667,103.58333487684529,3468920.032190312,1806.7291666666667,12.958333333333334,27.333333333333332,72.70833333333333,349.4166666666667,81.0,26.0,27.604166666666668,319.5833333333333,26499.01008808,,,,,,,0.95555631999999,1632.0,446.08,197.12371815959682,102.48208947918222,29.833333333333332,ABC00576,Ilhas Maldivas
2021-11-23,78.8000011742115,472.5,154.85500230751921,3471013.671484875,1801.9,13.15,37.5,75.65,446.4,85.7,26.0,56.65,431.5,26515.88787936,,,,,,,0.933334079999986,1632.0,612.0,210.70309588251976,151.32176474998704,14.9,ABC00576,Ilhas Maldivas
2021-11-24,77.70000115782022,500.875,74.90000111609694,3471886.72898375,1803.625,17.25,22.75,70.125,297.75,78.25,26.0,25.25,260.0,26523.021218399997,,,,,,,0.8000006399997801,1632.0,371.28000000000003,171.18986482859566,119.7135912500089,37.75,ABC00576,Ilhas Maldivas
2021-11-25,,,,,,,,,,,,,,,,,,,,,,,,,,,ABC00576,Ilhas Maldivas
2021-11-26,,,,,,,,,,,,,,,,,,,,,,,,,,,ABC00576,Ilhas Maldivas
2021-11-27,79.10000117868188,479.375,190.86250284407276,3472490.1469965624,1799.125,13.875,45.25,74.75,513.25,82.0,26.0,80.5,509.25,26527.521222,,,,,,,1.0000008000006346,1632.0,738.48,219.69389932203978,196.72302593744826,4.0,ABC00576,Ilhas Maldivas
2021-11-28,,,,,,,,,,,,,,,,,,,,,,,,,,,ABC00576,Ilhas Maldivas
2021-11-29,78.65000117197633,481.9375,163.08750243019313,3473592.1744828126,1801.875,12.375,38.625,73.625,464.875,81.875,26.0,60.25,453.125,26533.491226776,,,,,,,0.7766672880002261,1632.0,630.36,218.91796427286948,155.97072140628006,11.75,ABC00576,Ilhas Maldivas
2021-11-30,79.0500011779368,482.2916666666667,127.41041856522985,3475736.9049829687,1806.5625,10.270833333333334,31.666666666666668,72.8125,400.7916666666667,81.33333333333333,26.0,35.083333333333336,384.5416666666667,26549.0212392,,,,,,,0.9600007680000999,1632.0,516.8000000000001,209.47367714487186,129.09825354166483,16.25,ABC00576,Ilhas Maldivas
2021-12-01,78.8000011742115,483.3333333333333,113.5937516926788,3478605.3782731774,1806.3958333333333,11.4375,29.25,72.3125,370.2916666666667,81.08333333333333,26.0,31.708333333333332,340.7916666666667,26573.017369508,,,,,,,0.9580563220000234,1632.0,477.35999999999996,201.83400320914794,111.92589880207863,29.833333333333332,ABC00576,Ilhas Maldivas
2021-12-02,78.57142974223409,482.82142857142856,116.27857316125713,3480844.2257826785,1806.142857142857,11.357142857142858,30.0,72.78571428571429,375.42857142857144,80.85714285714286,26.0,38.214285714285715,347.57142857142856,26591.9379402,,,,,,,0.9444451999999208,1632.0,489.59999999999997,198.25377796424746,111.56820008927025,27.857142857142858,ABC00576,Ilhas Maldivas
2021-12-03,,,,,,,,,,,,,,,,,,,,,,,,,,,ABC00576,Ilhas Maldivas
2021-12-04,76.4000011384487,547.6666666666666,105.53333490590252,3481693.306765,1794.1666666666667,16.666666666666668,28.0,68.16666666666667,348.6666666666667,64.0,26.0,49.0,330.6666666666667,26600.02128,,,,,,,0.5000004000006205,1632.0,456.96,182.02350221632977,94.79297541671743,18.0,ABC00576,Ilhas Maldivas
2021-12-05,,,,,,,,,,,,,,,,,,,,,,,,,,,ABC00576,Ilhas Maldivas
2021-12-06,,,,,,,,,,,,,,,,,,,,,,,,,,,ABC00576,Ilhas Maldivas
2021-12-07,,,,,,,,,,,,,,,,,,,,,,,,,,,ABC00576,Ilhas Maldivas
2021-12-08,,,,,,,,,,,,,,,,,,,,,,,,,,,ABC00576,Ilhas Maldivas
2021-12-09,,,,,,,,,,,,,,,,,,,,,,,,,,,ABC00576,Ilhas Maldivas
2021-12-10,77.8000011593103,526.75,123.625001842156,3481954.97323125,1801.25,19.5,30.5,64.0,400.5,68.5,26.0,50.25,375.0,26602.0212816,,,,,,,0.6666672000010294,1632.0,497.76,210.85191361248422,132.72593812504783,25.5,ABC00576,Ilhas Maldivas
2021-12-11,,,,,,,,,,,,,,,,,,,,,,,,,,,ABC00576,Ilhas Maldivas
2021-12-12,,,,,,,,,,,,,,,,,,,,,,,,,,,ABC00576,Ilhas Maldivas
2021-12-13,77.52000115513802,483.6,146.50000218302023,3483641.302409813,1796.4,13.9,35.75,73.55,431.75,81.55,26.0,57.075,415.7,26613.050136576923,,,,,,,0.8927571244612409,1632.0,583.4399999999999,210.44038571192482,146.7319551249966,16.05,ABC00576,Ilhas Maldivas
2021-12-14,76.07500113360587,487.21875,106.04687658022158,3485849.125048203,1792.59375,15.0625,27.9375,72.25,363.0,80.5625,26.0,36.3125,328.9375,26630.683163503847,,,,,,,0.8530455542309028,1632.0,455.94,195.42927882095714,104.83811289063306,34.0625,ABC00576,Ilhas Maldivas
2021-12-15,77.05714400538376,485.14285714285717,106.00714443677248,3487474.168607857,1798.107142857143,12.785714285714286,27.928571428571427,72.57142857142857,368.64285714285717,80.92857142857143,26.0,31.0,338.5,26645.937983399996,,,,,,,0.9444452000001807,1632.0,455.7942857142857,197.12489400216796,107.81658839284708,30.142857142857142,ABC00576,Ilhas Maldivas
2021-12-16,79.40869683545567,472.17391304347825,196.5152203196093,3490443.28198,1801.108695652174,11.456521739130435,45.78260869565217,76.0,517.695652173913,84.56521739130434,26.0,92.78260869565217,510.8695652173913,26663.98872247826,,,,,,,0.9008806378880526,1632.0,747.1721739130435,222.51959689227007,200.54443847825345,6.826086956521739,ABC00576,Ilhas Maldivas
2021-12-17,79.6000011861324,468.5,207.87500309757925,3493185.6932309372,1801.125,10.25,48.5,77.25,540.75,86.0,26.0,100.125,537.5,26676.83384145,,,,,,,0.8750006999998732,1632.0,791.52,223.23367539014907,176.25815312506165,3.25,ABC00576,Ilhas Maldivas
2021-12-18,,,,,,,,,,,,,,,,,,,,,,,,,,,ABC00576,Ilhas Maldivas
2021-12-19,,,,,,,,,,,,,,,,,,,,,,,,,,,ABC00576,Ilhas Maldivas
2021-12-20,,,,,,,,,,,,,,,,,,,,,,,,,,,ABC00576,Ilhas Maldivas
2021-12-21,78.0000011622906,525.0,191.200002849102,3493573.81605,1796.5,16.0,45.0,64.0,524.0,77.0,26.0,108.5,511.0,26679.521343599998,,,,,,,0.5000004000030458,1632.0,734.4,221.29629959386804,193.5290862498805,13.0,ABC00576,Ilhas Maldivas
2021-12-22,78.37142973925383,492.85714285714283,127.60714475863753,3494598.7158075003,1804.607142857143,13.821428571428571,32.142857142857146,70.64285714285714,403.14285714285717,80.35714285714286,26.0,45.5,377.2142857142857,26687.111349672,,,,,,,0.8717864117141809,1632.0,524.5714285714286,203.74335764005102,124.71574017857867,25.928571428571427,ABC00576,Ilhas Maldivas
2021-12-23,78.75000117346643,487.8333333333333,117.50625175097953,3496869.468915573,1806.7291666666667,11.333333333333334,29.958333333333332,70.89583333333333,381.7916666666667,81.04166666666667,26.0,34.104166666666664,353.4583333333333,26706.021364800003,,,,,,,0.9600007680000999,1632.0,488.92,203.84160372310689,114.0946232812518,28.333333333333332,ABC00576,Ilhas Maldivas
2021-12-24,78.41666783516602,487.1666666666667,112.92916834944242,3499569.3140196875,1805.2291666666667,11.979166666666666,29.083333333333332,70.875,375.7916666666667,81.04166666666667,26.0,33.479166666666664,345.75,26730.021384000003,,,,,,,0.9600007680000999,1632.0,474.64000000000004,202.03631397783647,112.18220260417245,30.041666666666668,ABC00576,Ilhas Maldivas
2021-12-25,78.46666783591108,487.9791666666667,106.19166824904583,3502149.5243952605,1806.5625,12.354166666666666,27.958333333333332,70.54166666666667,358.75,80.79166666666667,26.0,31.0625,326.2916666666667,26754.021403200004,,,,,,,0.9600007680000999,1632.0,456.28,197.7425340073744,104.76910802081693,32.458333333333336,ABC00576,Ilhas Maldivas
2021-12-26,78.43333450208104,487.9583333333333,105.53958490599565,3504660.453881562,1806.3541666666667,12.854166666666666,27.833333333333332,70.625,358.7916666666667,80.79166666666667,26.0,29.291666666666668,325.9583333333333,26778.021422400005,,,,,,,0.9600007680000999,1632.0,454.24,197.49180780789604,105.02541182293014,32.833333333333336,ABC00576,Ilhas Maldivas
2021-12-27,78.400001168251,487.2291666666667,108.14166827810304,3507200.4245602083,1806.1666666666667,12.979166666666666,28.208333333333332,70.83333333333333,364.2083333333333,80.95833333333333,26.0,28.020833333333332,330.125,26802.021441599998,,,,,,,0.9600007679999484,1632.0,460.35999999999996,199.5855152718748,106.91811682291639,34.083333333333336,ABC00576,Ilhas Maldivas
2021-12-28,78.41666783516602,486.25,109.65416830064122,3509799.8577209376,1806.0208333333333,13.833333333333334,28.5,71.0625,370.7083333333333,81.0,26.0,29.291666666666668,337.5416666666667,26826.0214608,,,,,,,0.9600007680000999,1632.0,465.11999999999995,200.29880687824914,109.9740467708325,33.166666666666664,ABC00576,Ilhas Maldivas
2021-12-29,78.400001168251,486.8541666666667,106.27500158362103,3512411.041425208,1806.375,14.5625,27.916666666666668,70.9375,362.375,81.0,26.0,26.25,327.9166666666667,26850.02148,,,,,,,0.9600007680000999,1632.0,455.59999999999997,198.2630762099403,105.8534702604132,34.458333333333336,ABC00576,Ilhas Maldivas
2021-12-30,78.61666783814626,486.1041666666667,108.34791828117632,3514939.4587170836,1806.3541666666667,14.979166666666666,28.416666666666668,71.125,365.5833333333333,81.16666666666667,26.0,27.0,332.7916666666667,26874.0214992,,,,,,,0.9600007680000999,1632.0,463.76,198.47085799766026,107.76589093749256,32.791666666666664,ABC00576,Ilhas Maldivas
2021-12-31,78.8000011742115,485.4583333333333,109.71666830157237,3517568.642834531,1806.8333333333333,15.145833333333334,28.666666666666668,71.3125,371.25,81.125,26.0,28.0625,337.3333333333333,26898.0215184,,,,,,,0.9600007680000999,1632.0,467.84,199.29593434613045,109.61916458333144,33.916666666666664,ABC00576,Ilhas Maldivas
2022-01-01,78.8000011742115,485.3541666666667,111.81666833286488,3520230.3183878125,1806.1875,15.604166666666666,28.833333333333332,71.35416666666667,375.875,81.16666666666667,26.0,27.583333333333332,342.5833333333333,26922.0215376,,,,,,,0.9600007680000999,1632.0,470.56,201.98025474585145,110.94011494792842,33.291666666666664,ABC00576,Ilhas Maldivas
2022-01-02,78.8000011742115,485.75,108.29166828033824,3522855.559369844,1806.75,15.4375,28.375,71.25,369.75,81.0,26.0,26.354166666666668,334.4583333333333,26946.0215568,,,,,,,0.9600007679999484,1632.0,463.08,198.72443859841346,108.83053749999574,35.291666666666664,ABC00576,Ilhas Maldivas
2022-01-03,78.8000011742115,485.3958333333333,110.49791831321392,3525479.5188328647,1806.8333333333333,15.333333333333334,28.625,71.4375,374.875,81.04166666666667,26.0,26.8125,340.625,26970.021576,,,,,,,0.9600007680000999,1632.0,467.16,200.94241282957748,110.19091921875952,34.25,ABC00576,Ilhas Maldivas
2022-01-04,78.66666783889133,482.9375,124.27500185184175,3528257.3197241668,1804.3125,16.25,31.5,72.10416666666667,394.8333333333333,81.79166666666667,26.0,36.145833333333336,364.0416666666667,26994.010761857997,,,,,,,0.9545840969999517,1632.0,514.08,203.8476587295298,123.28212880207381,30.791666666666668,ABC00576,Ilhas Maldivas
2022-01-05,78.400001168251,484.625,112.606251677964,3530209.3097651564,1805.0625,15.5,28.75,71.6875,373.875,81.0,26.0,29.0,340.75,27009.896607900002,,,,,,,0.9166674000002786,1632.0,469.2,203.94709013538142,116.57879859377863,33.125,ABC00576,Ilhas Maldivas
2022-01-06,,,,,,,,,,,,,,,,,,,,,,,,,,,ABC00576,Ilhas Maldivas
2022-01-07,,,,,,,,,,,,,,,,,,,,,,,,,,,ABC00576,Ilhas Maldivas
2022-01-08,78.73333450655143,492.1666666666667,167.69166916546715,3531216.4851289582,1800.5833333333333,13.916666666666666,40.166666666666664,72.25,470.1666666666667,83.0,26.0,79.5,453.5,27017.43103421739,,,,,,,0.6427541373911178,1632.0,655.52,212.51156844585395,157.6465539583005,16.666666666666668,ABC00576,Ilhas Maldivas
2022-01-09,78.73333450655143,495.25,113.93125169770785,3532983.3843934895,1807.125,15.208333333333334,29.541666666666668,71.39583333333333,376.75,81.33333333333333,26.0,35.041666666666664,343.375,27032.01510385565,,,,,,,0.9369572713044363,1632.0,482.11999999999995,199.59589450396086,112.0244771875053,33.375,ABC00576,Ilhas Maldivas
2022-01-10,79.88333452368776,492.5208333333333,114.81458504420387,3535672.957629844,1812.5833333333333,12.625,30.041666666666668,71.60416666666667,382.125,81.45833333333333,26.0,36.083333333333336,347.7916666666667,27056.061644832003,,,,,,,0.946984884571369,1632.0,490.28,198.39079026509947,112.61594749998767,34.333333333333336,ABC00576,Ilhas Maldivas
2022-01-11,78.76666784038146,485.6666666666667,125.70833520653342,3538441.2752804686,1805.7708333333333,9.9375,31.583333333333332,71.66666666666667,404.3333333333333,82.70833333333333,26.0,46.25,377.2916666666667,27080.01695811388,,,,,,,0.957647824941129,1632.0,515.4399999999999,205.66639068870896,128.46735187501568,27.125,ABC00576,Ilhas Maldivas
2022-01-12,78.92727390338074,483.22727272727275,157.77954780564394,3541829.405425568,1803.090909090909,11.022727272727273,38.13636363636363,72.93181818181819,454.1818181818182,83.45454545454545,26.0,73.56818181818181,445.59090909090907,27103.174088939035,,,,,,,0.8873192736441111,1632.0,622.3854545454545,208.74939413129778,160.8584169886202,8.590909090909092,ABC00576,Ilhas Maldivas
2022-01-13,78.87272844802249,491.95454545454544,116.66591082936657,3545081.825395966,1806.6363636363637,11.136363636363637,30.272727272727273,70.8409090909091,366.04545454545456,80.81818181818181,26.0,63.38636363636363,345.6190476190476,27125.517747827667,,,,,,,0.9181260874082166,1632.0,494.0509090909091,196.24962180665128,110.25006625001234,23.857142857142858,ABC00576,Ilhas Maldivas
2022-01-14,77.10000114887949,491.8125,104.25416822017479,3547219.581923438,1798.7708333333333,13.416666666666666,27.541666666666668,70.27083333333333,350.75,80.375,26.0,50.3125,319.7916666666667,27147.483674491305,,,,,,,0.9239137826087548,1632.0,449.48,196.19294759444952,101.63431536458666,31.291666666666668,ABC00576,Ilhas Maldivas
2022-01-15,77.57333448926605,486.1,135.33000201657413,3549403.313976,1797.7,12.333333333333334,33.733333333333334,71.1,411.0,81.46666666666667,26.0,65.9,386.6666666666667,27167.205067079998,,,,,,,0.941667420000158,1632.0,550.528,206.1803064113977,137.6627436666439,24.333333333333332,ABC00576,Ilhas Maldivas
2022-01-16,78.400001168251,477.875,197.40000294148925,3550939.5753068747,1796.5,13.125,46.0,72.625,528.75,83.5,26.0,90.5,526.25,27176.83424145,,,,,,,0.8750006999998732,1632.0,750.72,223.5399609212849,179.33379875007086,2.5,ABC00576,Ilhas Maldivas
2022-01-17,,,,,,,,,,,,,,,,,,,,,,,,,,,ABC00576,Ilhas Maldivas
2022-01-18,,,,,,,,,,,,,,,,,,,,,,,,,,,ABC00576,Ilhas Maldivas
2022-01-19,76.0000011324883,495.0625,93.30000139027834,3551683.704107031,1792.375,15.5625,25.875,69.125,329.5,79.875,26.0,36.0625,297.875,27183.179246526,,,,,,,0.8808340380005575,1632.0,422.28,187.84581535847497,94.10292671871139,31.625,ABC00576,Ilhas Maldivas
2022-01-20,77.56666782250007,488.8958333333333,117.70416842059545,3553490.7444901043,1799.4791666666667,10.645833333333334,30.208333333333332,69.97916666666667,377.2083333333333,80.875,26.0,45.645833333333336,349.8333333333333,27199.0217592,,,,,,,0.9600007680000999,1632.0,493.0,199.55842083734967,118.29406250000466,27.375,ABC00576,Ilhas Maldivas
2022-01-21,78.38333450133598,489.5625,109.56250163260847,3556162.1201565103,1805.125,9.979166666666666,28.666666666666668,70.08333333333333,359.2083333333333,80.45833333333333,26.0,44.5625,331.4583333333333,27223.013921250862,,,,,,,0.9560721934285539,1632.0,467.84,196.94533753497362,104.49308854166884,27.75,ABC00576,Ilhas Maldivas
2022-01-22,78.00000116229054,489.6190476190476,109.9142873521362,3558560.090079226,1803.047619047619,10.333333333333334,28.571428571428573,70.19047619047619,362.7142857142857,80.57142857142857,26.0,42.38095238095238,336.6666666666667,27245.530775999017,,,,,,,0.9179448008707412,1632.0,466.2857142857143,198.6055377701312,106.62238166667521,26.047619047619047,ABC00576,Ilhas Maldivas
2022-01-23,77.88333449388546,485.7291666666667,132.72500197775662,3561176.881485365,1798.9166666666667,10.770833333333334,33.041666666666664,70.72916666666667,405.7083333333333,81.0,26.0,52.104166666666664,383.7083333333333,27268.019314398,,,,,,,0.9587507670000074,1632.0,539.24,205.48363649467765,132.74565380208273,22.0,ABC00576,Ilhas Maldivas
2022-01-24,77.42500115372242,485.03125,133.9687519962899,3563797.282268672,1796.5,11.875,33.375,70.78125,411.8125,81.0,26.0,48.5625,391.75,27287.94683034,,,,,,,0.9500007599999662,1632.0,544.68,206.37178832307814,128.05332265622565,20.0625,ABC00576,Ilhas Maldivas
2022-01-25,,,,,,,,,,,,,,,,,,,,,,,,,,,ABC00576,Ilhas Maldivas
2022-01-26,78.77142974521435,495.75,114.80357313927811,3565736.2022240176,1806.642857142857,11.535714285714286,29.5,69.25,376.2857142857143,77.71428571428571,26.0,41.0,355.2857142857143,27302.147555986285,,,,,,,0.8550656191172104,1632.0,481.44,198.09346094203107,128.9743264285914,21.0,ABC00576,Ilhas Maldivas
2022-01-27,78.81666784112652,483.375,151.95625226432458,3568530.2967141666,1802.375,10.041666666666666,36.666666666666664,71.60416666666667,439.5833333333333,81.29166666666667,26.0,57.75,428.2916666666667,27321.0218568,,,,,,,0.9600007679999484,1632.0,598.4,213.54605844267337,151.9684389583223,11.458333333333334,ABC00576,Ilhas Maldivas
2022-01-28,78.85000117495653,483.125,147.7312522013672,3571960.9625364062,1804.4583333333333,10.375,35.916666666666664,71.5625,436.9583333333333,81.08333333333333,26.0,58.9375,419.4583333333333,27345.021876,,,,,,,0.9600007680000999,1632.0,586.16,211.99895599834983,154.5511926562564,17.5,ABC00576,Ilhas Maldivas
2022-01-29,78.65000117197631,482.7708333333333,147.1833355265359,3575786.4939392707,1802.5208333333333,10.791666666666666,36.041666666666664,71.75,435.2083333333333,81.33333333333333,26.0,56.354166666666664,417.4583333333333,27369.031895207998,,,,,,,0.9650007720000152,1632.0,588.2,209.8011016658567,141.10510088542165,17.75,ABC00576,Ilhas Maldivas
2022-01-30,78.42353058036633,485.4117647058824,138.12059029345122,3578561.531156544,1802.3235294117646,10.441176470588236,34.0,71.76470588235294,416.94117647058823,81.0,26.0,49.1764705882353,400.52941176470586,27390.507794741647,,,,,,,0.9390203590589996,1632.0,554.88,209.55236494255018,135.35624139706658,16.529411764705884,ABC00576,Ilhas Maldivas
2022-01-31,78.23333449910082,483.3541666666667,145.78750217240298,3581355.896695833,1800.1458333333333,10.6875,35.666666666666664,71.95833333333333,433.4583333333333,81.04166666666667,26.0,53.875,418.4166666666667,27411.031928808003,,,,,,,0.9650007720000152,1632.0,582.08,208.76807413526686,145.81714770832332,15.041666666666666,ABC00576,Ilhas Maldivas
2022-02-01,78.66000117212535,484.475,149.79000223204494,3584799.2396984375,1802.3,11.95,36.25,72.1,433.9,81.05,26.0,53.95,419.7,27433.42194672,,,,,,,0.8683340280000266,1632.0,591.6,212.51890500535592,148.8849070624914,14.2,ABC00576,Ilhas Maldivas
2022-02-02,78.92500117607415,484.375,124.20937685086398,3587140.5157834375,1805.875,12.0,31.4375,72.28125,384.0,81.9375,26.0,44.125,361.875,27451.5219612,,,,,,,1.0000008000001799,1632.0,513.06,201.31998686058293,125.56914734377642,23.5,ABC00576,Ilhas Maldivas
2022-02-03,,,,,,,,,,,,,,,,,,,,,,,,,,,ABC00576,Ilhas Maldivas
2022-02-04,,,,,,,,,,,,,,,,,,,,,,,,,,,ABC00576,Ilhas Maldivas
2022-02-05,,,,,,,,,,,,,,,,,,,,,,,,,,,ABC00576,Ilhas Maldivas
2022-02-06,,,,,,,,,,,,,,,,,,,,,,,,,,,ABC00576,Ilhas Maldivas
2022-02-07,,,,,,,,,,,,,,,,,,,,,,,,,,,ABC00576,Ilhas Maldivas
2022-02-08,76.8000011444092,551.0,87.1500012986362,3588268.6862575,1798.0,20.0,25.0,66.0,227.0,60.0,26.0,58.0,198.0,27460.021968,,,,,,,,1632.0,408.0,181.56250270549208,52.99573999969289,29.0,ABC00576,Ilhas Maldivas
2022-02-09,76.00000113248825,563.5,70.80000105500221,3588380.3558524996,1795.25,23.5,22.0,63.25,211.0,58.0,26.0,45.5,200.5,27462.001969584002,,,,,,,0.12000009599796613,1632.0,359.04,167.61363886127415,88.9571350000333,10.5,ABC00576,Ilhas Maldivas
2022-02-10,78.96000117659568,495.56666666666666,166.74000248461965,3589543.70698075,1801.3666666666666,19.266666666666666,39.86666666666667,74.83333333333333,428.93333333333334,78.6,26.0,58.333333333333336,377.46666666666664,27472.6699781184,,,,,,,0.5680004543998317,1632.0,650.624,212.50020935874423,179.4915241666759,51.46666666666667,ABC00576,Ilhas Maldivas
2022-02-11,77.07826201812082,485.0869565217391,169.5195677434297,3593096.8121294565,1791.8260869565217,17.652173913043477,40.30434782608695,72.80434782608695,414.95652173913044,80.30434782608695,26.0,53.76086956521739,388.9130434782609,27489.52981769322,,,,,,,0.8991311540869545,1632.0,657.7669565217391,214.10433570184068,176.24786668477336,27.695652173913043,ABC00576,Ilhas Maldivas
2022-02-12,79.76000118851661,480.4,197.05250293631104,3597482.5398091874,1802.65,17.125,46.0,72.975,459.35,81.75,26.0,61.875,393.15,27509.662007712002,,,,,,,0.832000665600026,1632.0,750.72,218.1912625417258,189.4124528750079,89.4,ABC00576,Ilhas Maldivas
2022-02-13,78.00000116229056,485.625,105.82500157691528,3600297.772885,1802.8125,18.416666666666668,28.041666666666668,71.02083333333333,300.0833333333333,80.5,26.0,19.041666666666668,340.875,27532.888692959998,,,,,,,0.9066673919999934,1632.0,457.64000000000004,196.3507553908111,107.4110087499915,40.791666666666664,ABC00576,Ilhas Maldivas
2022-02-14,77.20000115036964,484.4166666666667,112.44166834217806,3602165.5572691667,1797.375,19.833333333333332,29.083333333333332,72.04166666666667,317.5,82.08333333333333,26.0,18.083333333333332,312.0833333333333,27548.702038944,,,,,,,0.6400005120000666,1632.0,474.64000000000004,200.89405415808412,113.3257118750286,43.916666666666664,ABC00576,Ilhas Maldivas
2022-02-15,79.00000117719173,480.125,174.49375260015938,3603534.2392879687,1801.4375,20.875,42.0,72.875,421.375,82.625,26.0,54.6875,353.75,27563.262050592,,,,,,,0.3200002560001849,1632.0,685.4399999999999,208.23579626063633,179.09721062495373,67.625,ABC00576,Ilhas Maldivas
2022-02-16,78.60000117123124,490.25,157.1500023417175,3604478.994818125,1799.5,20.25,37.5,72.0,429.0,81.0,26.0,27.75,339.0,27566.582053248,,,,,,,0.08000006399925041,1632.0,612.0,217.85249580577891,141.71628687507473,90.0,ABC00576,Ilhas Maldivas
2022-02-17,,,,,,,,,,,,,,,,,,,,,,,,,,,ABC00576,Ilhas Maldivas
2022-02-18,75.80000112950803,504.9375,86.56875128997491,3604912.187675,1792.8125,21.9375,24.375,68.625,256.375,75.75,26.0,9.8125,229.375,27570.62932921309,,,,,,,0.17090922763600247,1632.0,397.8,183.2499070857401,90.19922265625792,27.0,ABC00576,Ilhas Maldivas
2022-02-19,,,,,,,,,,,,,,,,,,,,,,,,,,,ABC00576,Ilhas Maldivas
2022-02-20,76.0000011324883,481.2142857142857,96.43571572271837,3605698.403812679,1793.642857142857,21.714285714285715,26.0,80.85714285714286,276.7142857142857,79.85714285714286,26.0,15.285714285714286,322.14285714285717,27578.947777426285,,,,,,,0.46285751314332757,1632.0,424.32,193.18052027788139,96.39276178573657,45.42857142857143,ABC00576,Ilhas Maldivas
2022-02-21,75.60000112652781,481.46875,87.26562630035912,3606795.5474440623,1735.65625,20.1875,25.0,78.3125,262.0,78.3125,26.0,15.25,301.25,27588.039570414,,,,,,,0.6950005560001955,1632.0,408.0,176.95717201308977,91.91448656248394,39.25,ABC00576,Ilhas Maldivas
2022-02-22,75.93846267003283,480.9230769230769,100.11538610722019,3608212.8832041346,1791.1923076923076,20.0,26.846153846153847,79.65384615384616,281.3076923076923,80.38461538461539,26.0,18.0,331.15384615384613,27607.095931812924,,,,,,,0.5815389267694487,1632.0,438.1292307692308,194.04248143914532,104.28076586539213,49.84615384615385,ABC00576,Ilhas Maldivas
2022-02-23,75.8400011301041,478.23333333333335,107.17666826372347,3609662.751044667,1790.4333333333334,17.2,28.0,79.1,285.8,81.93333333333334,26.0,18.4,339.2,27618.0994277952,,,,,,,0.7093339008000233,1632.0,456.96,199.2977663339228,108.10500058333079,53.4,ABC00576,Ilhas Maldivas
2022-02-24,80.54117767074533,483.94117647058823,104.83529567981462,3611333.133719706,1816.5294117647059,16.61764705882353,29.470588235294116,79.17647058823529,289.0,80.58823529411765,26.0,18.323529411764707,335.3529411764706,27638.542110816,,,,,,,0.6352946258822854,1632.0,480.96000000000004,185.2468210006361,103.48642926471418,46.35294117647059,ABC00576,Ilhas Maldivas
2022-02-25,81.25454666533257,479.1136363636364,138.21363842318004,3613493.7766690343,1817.3863636363637,15.386363636363637,35.72727272727273,80.1590909090909,355.6818181818182,81.27272727272727,26.0,38.56818181818182,385.6818181818182,27655.16030592873,,,,,,,0.8872734370906983,1632.0,583.069090909091,196.0196670979354,140.61937829545192,33.63636363636363,ABC00576,Ilhas Maldivas
2022-02-26,80.33684330237539,476.05263157894734,185.7631606628234,3617440.798998421,1806.8157894736842,18.342105263157894,44.05263157894737,80.3157894736842,441.89473684210526,81.26315789473684,26.0,70.47368421052632,460.10526315789474,27675.950561795366,,,,,,,0.920000736000044,1632.0,718.938947368421,213.15726358432698,190.7647407894807,29.263157894736842,ABC00576,Ilhas Maldivas
2022-02-27,74.8000011146069,496.5,42.4000006318092,3619009.52769125,1791.5,21.0,17.0,70.5,187.0,78.0,26.0,11.0,299.0,27687.142149696,,,,,,,0.0800000640010694,1632.0,277.44,129.90196272000367,94.63524999981746,112.0,ABC00576,Ilhas Maldivas
2022-02-28,79.00000117719175,489.875,136.1250020284205,3619294.7346759373,1806.25,18.5,34.25,71.875,348.5,79.75,26.0,46.125,405.75,27690.022152,,,,,,,0.08000006399925041,1632.0,558.96,200.37740759952126,127.87588156247512,68.75,ABC00576,Ilhas Maldivas
2022-03-01,,,,,,,,,,,,,,,,,,,,,,,,,,,ABC00576,Ilhas Maldivas
2022-03-02,,,,,,,,,,,,,,,,,,,,,,,,,,,ABC00576,Ilhas Maldivas
2022-03-03,,,,,,,,,,,,,,,,,,,,,,,,,,,ABC00576,Ilhas Maldivas
2022-03-04,78.0000011622906,571.0,130.850001949817,3619615.6664675,1805.0,1.0,32.0,54.0,342.0,46.0,26.0,19.5,370.0,27693.0221544,,,,,,,,1632.0,522.24,212.9720083818636,20.819755000062287,28.0,ABC00576,Ilhas Maldivas
2022-03-05,74.8000011146069,561.5,35.8500005342066,3619636.4862225,1789.5,22.0,16.0,57.0,210.0,46.0,26.0,7.0,290.0,27693.902155104,,,,,,,0.0400000320005347,1632.0,261.12,116.69922048895378,79.96678625000641,80.0,ABC00576,Ilhas Maldivas
2022-03-06,,,,,,,,,,,,,,,,,,,,,,,,,,,ABC00576,Ilhas Maldivas
2022-03-07,,,,,,,,,,,,,,,,,,,,,,,,,,,ABC00576,Ilhas Maldivas
2022-03-08,,,,,,,,,,,,,,,,,,,,,,,,,,,ABC00576,Ilhas Maldivas
2022-03-09,,,,,,,,,,,,,,,,,,,,,,,,,,,ABC00576,Ilhas Maldivas
2022-03-10,,,,,,,,,,,,,,,,,,,,,,,,,,,ABC00576,Ilhas Maldivas
2022-03-11,80.29091028733691,492.95454545454544,111.83181984824213,3620187.7365537505,1814.409090909091,20.363636363636363,30.09090909090909,71.9090909090909,319.6363636363636,79.27272727272727,26.0,30.0,355.54545454545456,27701.942161536004,,,,,,,0.4400003520002594,1632.0,491.08363636363634,188.63862537576895,98.59272409090772,35.90909090909091,ABC00576,Ilhas Maldivas
2022-03-12,78.51428688423975,482.57142857142856,190.8500028438866,3621974.8894516965,1796.607142857143,20.392857142857142,44.5,73.14285714285714,469.7142857142857,80.78571428571429,26.0,76.10714285714286,496.07142857142856,27713.765028137143,,,,,,,0.4114289005714714,1632.0,726.24,220.17338013310615,191.67017955356278,31.642857142857142,ABC00576,Ilhas Maldivas
2022-03-13,79.200001180172,479.07142857142856,198.82143153409874,3624070.8236510716,1800.5,20.357142857142858,46.0,73.64285714285714,517.7142857142857,81.28571428571429,26.0,82.85714285714286,507.85714285714283,27718.542174815997,,,,,,,0.4400003519996452,1632.0,750.72,225.11488754949147,188.79732374999938,9.857142857142858,ABC00576,Ilhas Maldivas
2022-03-14,,,,,,,,,,,,,,,,,,,,,,,,,,,ABC00576,Ilhas Maldivas
2022-03-15,76.92500114627182,491.0,114.14375170087438,3625659.4875617186,1796.84375,25.8125,29.375,70.59375,379.625,79.5,26.0,27.3125,366.1875,27736.282189007998,,,,,,,0.6000004800000625,1632.0,479.4,202.1551347887422,111.7878890625143,14.9375,ABC00576,Ilhas Maldivas
2022-03-16,76.83333447823922,487.75,106.20416824923217,3627829.513275573,1797.0416666666667,35.75,28.0,70.3125,364.0416666666667,79.33333333333333,26.0,23.520833333333332,348.75,27754.00553652,,,,,,,0.9533340960000108,1632.0,456.96,197.5667688645029,107.13498927082401,15.291666666666666,ABC00576,Ilhas Maldivas
2022-03-17,76.82105377630185,489.3421052631579,105.26842262125331,3630129.7423585528,1797.2631578947369,39.44736842105263,27.57894736842105,70.65789473684211,360.6842105263158,79.26315789473684,26.0,22.63157894736842,347.2631578947368,27774.902219903997,,,,,,,0.920000736000044,1632.0,450.0884210526316,198.78190231916577,105.14474355262753,13.421052631578947,ABC00576,Ilhas Maldivas
2022-03-18,,,,,,,,,,,,,,,,,,,,,,,,,,,ABC00576,Ilhas Maldivas
2022-03-19,77.40000115334985,495.6666666666667,107.2666682650645,3631390.9728995836,1801.1666666666667,41.416666666666664,28.0,70.75,355.1666666666667,78.66666666666667,26.0,26.666666666666668,355.3333333333333,27788.48889744,,,,,,,0.20000015999964185,1632.0,456.96,196.882074612734,84.69854875002056,12.166666666666666,ABC00576,Ilhas Maldivas
2022-03-20,,,,,,,,,,,,,,,,,,,,,,,,,,,ABC00576,Ilhas Maldivas
2022-03-21,77.7714297303132,496.82142857142856,112.67500167898825,3632436.816339196,1800.75,37.714285714285715,29.142857142857142,70.78571428571429,367.14285714285717,76.42857142857143,26.0,27.785714285714285,358.64285714285717,27799.136525005713,,,,,,,0.56000044799995,1632.0,475.6114285714285,197.25651536324546,117.14492017858927,9.928571428571429,ABC00576,Ilhas Maldivas
2022-03-22,78.26666783293086,486.0208333333333,112.12083500406395,3634680.198454427,1803.875,35.75,29.083333333333332,71.97916666666667,374.4583333333333,79.625,26.0,26.583333333333332,361.4166666666667,27816.011141679995,,,,,,,0.9555563200001416,1632.0,474.64000000000004,200.60146304027896,116.08590666666471,13.041666666666666,ABC00576,Ilhas Maldivas
2022-03-23,77.93333449463047,486.3333333333333,108.90416828946519,3637366.794623541,1802.625,36.6875,28.458333333333332,71.97916666666667,369.4166666666667,79.33333333333333,26.0,26.1875,355.4583333333333,27840.03338312,,,,,,,0.9276775098181437,1632.0,464.44,198.44012311904032,109.56001755207156,13.958333333333334,ABC00576,Ilhas Maldivas
2022-03-24,77.6000011563301,486.7083333333333,107.36250159982586,3639942.805559896,1801.3333333333333,35.791666666666664,28.083333333333332,71.70833333333333,362.4166666666667,78.875,26.0,24.520833333333332,351.25,27864.022291200003,,,,,,,0.9600007680000999,1632.0,458.32,198.96231619986165,109.24456671875669,11.25,ABC00576,Ilhas Maldivas
2022-03-25,77.98260985768361,485.4782608695652,110.68261034495151,3642559.756528315,1802.3260869565217,35.84782608695652,29.0,71.97826086956522,370.95652173913044,79.1304347826087,26.0,27.847826086956523,358.0869565217391,27887.486657797566,,,,,,,0.9495659770435178,1632.0,473.2799999999999,197.48989490201683,106.77324945651723,12.869565217391305,ABC00576,Ilhas Maldivas
2022-03-26,77.93684326661263,485.7631578947368,106.36579105865796,3644794.71954671,1802.1842105263158,35.60526315789474,28.0,72.07894736842105,366.0,79.0,26.0,24.31578947368421,352.05263157894734,27907.462325952005,,,,,,,0.8800007039998922,1632.0,456.96,197.44134904088665,110.57381842106483,15.210526315789474,ABC00576,Ilhas Maldivas
2022-03-27,75.54666779239975,489.6333333333333,80.58000120073558,3646500.4369145837,1791.2333333333333,40.06666666666667,23.533333333333335,71.53333333333333,305.2,78.4,26.0,15.433333333333334,312.06666666666666,27928.6703429184,,,,,,,0.59200047359991,1632.0,384.064,176.45710984637358,83.18438474998499,9.4,ABC00576,Ilhas Maldivas
2022-03-28,76.34545568309046,479.97727272727275,151.21136588958848,3648425.109988807,1789.0,40.88636363636363,37.0,73.45454545454545,434.22727272727275,80.31818181818181,26.0,57.65909090909091,429.27272727272725,27944.90962863709,,,,,,,0.8636370545455893,1632.0,603.84,205.37011935653192,151.99711630681784,15.318181818181818,ABC00576,Ilhas Maldivas
2022-03-29,77.22500115074213,486.03125,112.7531266801524,3651398.4124302343,1799.0625,41.75,29.25,72.3125,367.625,78.6875,26.0,30.46875,362.875,27961.762369392,,,,,,,0.7600006079999275,1632.0,477.36,198.8344496141981,110.1021986718697,4.75,ABC00576,Ilhas Maldivas
2022-03-30,,,,,,,,,,,,,,,,,,,,,,,,,,,ABC00576,Ilhas Maldivas
2022-03-31,77.2000011503696,513.75,85.70000127702954,3652305.04769875,1799.5,45.5,25.0,66.0,316.0,72.0,26.0,18.5,323.0,27972.802378224,,,,,,,0.04000003199871571,1632.0,408.0,178.5416693271449,126.10147062502801,7.0,ABC00576,Ilhas Maldivas
2022-04-01,76.8000011444092,476.0,185.60000276565552,3652601.019443125,1786.75,38.75,43.0,74.0,489.0,81.5,26.0,64.0,487.0,27975.602380464,,,,,,,0.12000009599978512,1632.0,701.76,224.8912145704764,129.88688062503934,3.0,ABC00576,Ilhas Maldivas
2022-04-02,,,,,,,,,,,,,,,,,,,,,,,,,,,ABC00576,Ilhas Maldivas
2022-04-03,,,,,,,,,,,,,,,,,,,,,,,,,,,ABC00576,Ilhas Maldivas
2022-04-04,76.4000011384487,489.57142857142856,97.3928585941238,3653067.064251072,1794.5714285714287,39.42857142857143,26.428571428571427,71.92857142857143,346.0,79.0,26.0,21.928571428571427,334.85714285714283,27980.062384032,,,,,,,0.6628576731428828,1632.0,431.3142857142857,191.9526297087772,98.0826769642798,11.142857142857142,ABC00576,Ilhas Maldivas
2022-04-05,75.53043590809989,487.2391304347826,105.24347982911962,3654663.6050033155,1788.8478260869565,41.130434782608695,28.217391304347824,72.21739130434783,346.4782608695652,79.08695652173913,26.0,33.608695652173914,351.6521739130435,27993.643264461913,,,,,,,0.8226093537392127,1632.0,460.5078260869565,183.1086817717759,94.5529584782603,16.043478260869566,ABC00576,Ilhas Maldivas
2022-04-06,75.60000112652781,489.5833333333333,81.32083454510818,3656080.560428854,1791.8333333333333,43.333333333333336,23.583333333333332,70.375,298.6666666666667,78.83333333333333,26.0,16.458333333333332,315.9166666666667,28011.832409448,,,,,,,0.5600004479999067,1632.0,384.88000000000005,179.44724808971304,80.99200145834281,17.25,ABC00576,Ilhas Maldivas
2022-04-07,77.82000115960835,473.625,194.4425028974191,3658430.8820665004,1792.675,37.55,45.5,73.725,515.85,81.7,26.0,88.15,496.4,28025.442420336,,,,,,,0.920000735999929,1632.0,742.56,220.46846654472398,197.1488845624961,22.15,ABC00576,Ilhas Maldivas
2022-04-08,,,,,,,,,,,,,,,,,,,,,,,,,,,ABC00576,Ilhas Maldivas
2022-04-09,,,,,,,,,,,,,,,,,,,,,,,,,,,ABC00576,Ilhas Maldivas
2022-04-10,,,,,,,,,,,,,,,,,,,,,,,,,,,ABC00576,Ilhas Maldivas
2022-04-11,,,,,,,,,,,,,,,,,,,,,,,,,,,ABC00576,Ilhas Maldivas
2022-04-12,,,,,,,,,,,,,,,,,,,,,,,,,,,ABC00576,Ilhas Maldivas
2022-04-13,,,,,,,,,,,,,,,,,,,,,,,,,,,ABC00576,Ilhas Maldivas
2022-04-14,,,,,,,,,,,,,,,,,,,,,,,,,,,ABC00576,Ilhas Maldivas
2022-04-15,,,,,,,,,,,,,,,,,,,,,,,,,,,ABC00576,Ilhas Maldivas
2022-04-16,78.8000011742115,489.3,103.39500154070556,3661006.5223481255,1807.8,40.45,27.4,71.95,353.1,79.4,26.0,24.85,342.4,28043.8144350336,,,,,,,0.4840003872002853,1632.0,447.168,196.40438312234102,104.24072787500918,10.7,ABC00576,Ilhas Maldivas
2022-04-17,78.8000011742115,487.375,101.57083484685671,3662749.151614167,1808.3333333333333,41.145833333333336,27.125,71.9375,343.4583333333333,79.04166666666667,26.0,23.270833333333332,336.75,28059.0224472,,,,,,,0.9600007680000999,1632.0,442.68,194.8877403916175,100.56966880208347,6.958333333333333,ABC00576,Ilhas Maldivas
2022-04-18,79.43333451698221,484.3125,121.63333514581116,3665498.4633520837,1808.8333333333333,41.3125,31.291666666666668,72.5,382.9583333333333,79.625,26.0,38.125,376.0,28083.022466399998,,,,,,,0.9600007679999484,1632.0,510.68,199.03123714202732,123.65672666666796,8.625,ABC00576,Ilhas Maldivas
2022-04-19,78.25000116601583,484.25,120.53958512951313,3668484.856106927,1803.375,42.520833333333336,30.958333333333332,72.60416666666667,381.9583333333333,79.375,26.0,37.1875,373.7916666666667,28107.0224856,,,,,,,0.9600007680000999,1632.0,505.24,199.69608051654714,122.49350171875751,9.5,ABC00576,Ilhas Maldivas
2022-04-20,79.06666784485178,484.25,119.27083511060722,3671327.3244190626,1807.7708333333333,39.916666666666664,30.708333333333332,72.77083333333333,380.5416666666667,79.66666666666667,26.0,35.25,368.7083333333333,28131.0225048,,,,,,,0.9600007680000999,1632.0,501.16,199.01928959437416,118.55036630207906,13.416666666666666,ABC00576,Ilhas Maldivas
2022-04-21,78.51666783665618,483.4583333333333,118.45000176504259,3674274.1872413545,1803.7083333333333,39.479166666666664,30.666666666666668,72.95833333333333,386.5,79.70833333333333,26.0,35.479166666666664,379.6666666666667,28155.022524,,,,,,,0.9600007680000999,1632.0,500.48,198.34879313708015,122.04004114582979,8.666666666666666,ABC00576,Ilhas Maldivas
2022-04-22,78.60000117123127,484.125,118.59791843391332,3677139.3285821355,1804.6875,38.75,30.458333333333332,72.97916666666667,377.25,79.375,26.0,36.354166666666664,370.9166666666667,28179.0225432,,,,,,,0.9600007680000999,1632.0,497.08,199.99078432305137,119.4770031250082,10.583333333333334,ABC00576,Ilhas Maldivas
2022-04-23,79.38333451623716,483.5833333333333,122.41250182408834,3680142.578240886,1809.0833333333333,32.333333333333336,31.375,73.10416666666667,385.0,79.33333333333333,26.0,37.020833333333336,373.0416666666667,28203.0225624,,,,,,,0.9600007680000999,1632.0,512.04,199.5922392645899,126.23948036458266,12.125,ABC00576,Ilhas Maldivas
2022-04-24,79.03333451102175,484.1875,117.10000174492598,3683035.301813906,1808.0,32.208333333333336,30.25,73.14583333333333,374.25,79.33333333333333,26.0,36.270833333333336,370.7916666666667,28227.022581600002,,,,,,,0.9600007679999484,1632.0,493.68,198.04511158496908,118.195484114578,9.041666666666666,ABC00576,Ilhas Maldivas
2022-04-25,79.70000118762255,483.4166666666667,122.50000182539236,3686005.2319783852,1810.6875,32.145833333333336,31.625,73.47916666666667,378.5416666666667,79.625,26.0,39.520833333333336,374.5416666666667,28251.012600792,,,,,,,0.9550007640000331,1632.0,516.12,197.50705183089414,126.75208796875086,9.416666666666666,ABC00576,Ilhas Maldivas
2022-04-26,79.06666784485184,482.875,127.4625018993393,3689046.3160214587,1806.375,32.604166666666664,32.541666666666664,73.5625,390.125,79.41666666666667,26.0,42.104166666666664,379.0416666666667,28274.407619508,,,,,,,0.9250007400000868,1632.0,531.08,199.66457570030013,125.90431385415529,11.666666666666666,ABC00576,Ilhas Maldivas
2022-04-27,79.00000117719176,484.5,119.40208511256306,3692040.240164948,1807.25,31.833333333333332,30.791666666666668,73.125,373.0416666666667,78.83333333333333,26.0,37.208333333333336,362.875,28298.022638399998,,,,,,,0.9600007679999484,1632.0,502.52,197.95926479595516,123.10468770833297,10.416666666666666,ABC00576,Ilhas Maldivas
2022-04-28,79.48333451772729,483.5208333333333,118.71666843568296,3695003.9993225,1810.5208333333333,31.6875,30.916666666666668,73.5,379.625,79.29166666666667,26.0,36.541666666666664,368.0833333333333,28320.462656352,,,,,,,0.9600007679997967,1632.0,504.55999999999995,196.62862218092798,124.3270596874839,12.125,ABC00576,Ilhas Maldivas
