Timestamp,Fuel_Press,Left Air Filter Restriction [kPa],Aftercooler Temperature [Deg. C],EXH_R,Batt,Boost,Total_Fuel,Throttle Position [%],Total Operating Hours [Hours],Fuel Filter Differential Pressure [kPa],Fuel Position,Crank_Press,Coolant_Temp,Oil_Press,Load,RPM,Oil_Temp,Atmospheric Pressure [kPa],EXH_L,Peak Air Filter Restriction [kPa],Oil Filter Differential Pressure [kPa],Right Air Filter Restriction [kPa],Fuel_Rate,Inlet Air Temperature [Deg. C],Cumulative Idle Time [Hrs],Cumulative Idle Fuel Usage [L],Cumulative Fuel Used Daily [L],SMH,Run Status,DIAG_STATS,EVENT_STATS,Cumulative Max Fuel Usage [L],SMH_DIFF,MaxPower,RealPower,BSFC,Total_Fuel_DIFF,EXH_DIFF,Asset,Site
2021-12-16,519.1153846153846,1.0923077085843458,23.076923076923077,334.0,25.576923076923077,,192946.82857142857,89.2000013291836,40091.012510919594,154.3846153846154,87.01538591201485,-2330.1689236111147,78.23076923076923,451.5,18.307692307692307,1804.1923076923076,86.76923076923077,101.5,355.61538461538464,1.3846153846153846,68.6923076923077,0.26923077324262,64.71538557971905,-2321.377812369006,,,,40065.45038978323,,,,,4.77481863466625,1678.0,307.20307692307694,175.8798594756461,2.7968253968251195,21.615384615384617,TTG00230,Macaé
2021-12-17,503.6,1.8750000279396795,26.9,575.45,25.5,,193341.81095564406,89.2000013291836,40100.05242268303,48.875,153.02750228028745,-1852.1000275984436,80.55,436.25,50.1,1803.95,90.65,101.5,607.75,1.975,71.675,0.3800000056624409,210.40750313531618,-1837.6326360785147,,,,40100.777684461216,,,,,0.209662003478234,1678.0,840.6779999999999,212.45275016937836,12.159769106130545,32.3,TTG00230,Macaé
2021-12-18,,,,,,,193586.04347826086,,,,,-3276.80004882813,,,,,,,,,,,,-3276.80004882813,,,,40105.28545962358,,,,,1.4029191788722528e-05,,,,0.1739130434780236,,TTG00230,Macaé
2021-12-19,509.3,1.0300000153481963,28.45,441.3,25.5,,193670.2449121184,86.80000129342082,40110.57470843282,30.425,114.60250170771033,-1882.417049326798,77.35,447.4,31.8,1773.6,86.1,101.975,485.25,1.525,71.05,0.1900000028312204,124.57500185631224,-1866.608538452935,,,,40107.54754539341,,,,,0.19273171327501026,1639.982,529.8022,205.6755216575222,7.182354301572753,43.95,TTG00230,Macaé
2021-12-20,518.047619047619,0.9547619189889655,27.595238095238095,426.85714285714283,25.547619047619047,,194241.4976026371,89.2000013291836,40126.154302908355,32.142857142857146,109.9761921149634,-348.595749875333,78.47619047619048,448.1309523809524,29.38095238095238,1805.142857142857,87.52380952380952,101.85714285714286,472.0238095238095,1.5476190476190477,72.26190476190476,0.18333333606521265,112.90714453959048,-316.0957493910453,,,,40127.27739230359,,,,,0.4371401327027459,1678.0,493.01238095238097,192.84993393870732,13.003296373988517,45.166666666666664,TTG00230,Macaé
2021-12-21,,,,,,,194549.923415493,,,,,-3276.80004882813,,,,,,,,,,,,-3276.80004882813,,,,40137.16498075795,,,,,0.00019769618191513354,,,,0.4841549295777678,,TTG00230,Macaé
2021-12-22,,,,,,,194565.6584507042,,,,,-3276.80004882813,,,,,,,,,,,,-3276.80004882813,,,,40137.488109964805,,,,,0.0010666675198559748,,,,0.4841549295769686,,TTG00230,Macaé
2021-12-23,,,,,,,,,,,,,,,,,,,,,,,,,,,,,,,,,,,,,,,TTG00230,Macaé
2021-12-24,514.0,0.900000013411045,26.0,384.0,25.5,,194571.68011363636,89.2000013291836,40138.1209654138,43.5,97.7000014558434,-3174.400047302251,78.0,464.0,23.0,1804.5,84.0,101.0,421.0,1.0,67.0,0.200000002980232,85.8500012792647,-3173.393797287257,,,,40138.31266618,,,,,0.008333340000035605,1678.0,385.94,189.0773205352516,0.07613636363657861,37.0,TTG00230,Macaé
2021-12-25,,,,,,,194574.72556818184,,,,,-3276.80004882813,,,,,,,,,,,,-3276.80004882813,,,,40138.32103705757,,,,,1.2512522516772151e-05,,,,0.07613636363627545,,TTG00230,Macaé
2021-12-26,510.15384615384613,1.3076923271784417,26.615384615384617,525.6153846153846,25.5,,194624.8220137421,89.04615517304494,40143.14357605669,61.30769230769231,135.30384817003056,-2286.139568949858,78.84615384615384,444.65384615384613,41.69230769230769,1802.8076923076924,87.23076923076923,101.42307692307692,560.3076923076923,1.5,71.53846153846153,0.238461542014892,170.5076948484548,-2276.0418943807863,,,,40139.78497782446,,,,,0.11470183669582691,1678.0,699.5969230769231,205.5102230689417,7.747885835095076,34.69230769230769,TTG00230,Macaé
2021-12-27,511.7142857142857,1.4333333546916642,28.666666666666668,544.3809523809524,25.333333333333332,,195299.91363636366,88.9523822778747,40152.150936360806,56.11904761904762,141.6404783010838,-1843.200027465823,80.47619047619048,438.5,44.714285714285715,1802.5,90.38095238095238,101.5,583.6190476190476,1.5,73.4047619047619,0.271428575473172,184.55000275000927,-1827.8271105700821,,,,40155.096290718,,,,,0.18268070170006467,1678.0,750.3057142857143,207.56083208327644,10.21958648989918,39.23809523809524,TTG00230,Macaé
2021-12-28,,,,,,,195403.15643939396,,,,,-3276.80004882813,,,,,,,,,,,,-3276.80004882813,,,,40157.38768144,,,,,,,,,0.12196969696924498,,TTG00230,Macaé
2021-12-29,,,,,,,195409.0109848485,,,,,-3276.80004882813,,,,,,,,,,,,-3276.80004882813,,,,40157.38771099085,,,,,9.850283580211302e-06,,,,0.12196969696985131,,TTG00230,Macaé
2021-12-30,519.75,1.1833333509663717,28.0,416.5,25.5,,195419.058172147,88.86666799088319,40159.42852785335,34.833333333333336,105.16666823377216,-2858.48514897773,79.0,451.6666666666667,26.666666666666668,1801.9166666666667,88.0,101.91666666666667,460.0,1.4166666666666667,69.16666666666667,0.25000000372529,102.42500152625155,-2853.736212736753,,,,40157.67206762792,,,,,0.05954250210894277,1678.0,447.46666666666664,194.50647398487524,1.8032076079949508,43.5,TTG00230,Macaé
2021-12-31,515.8854166666666,1.3729166871247196,29.145833333333332,464.3125,25.364583333333332,,195848.20833333334,88.88333465779819,40172.93016424002,35.052083333333336,116.36354340061858,,78.9375,447.1145833333333,32.270833333333336,1801.6770833333333,88.5,101.5,504.2708333333333,1.6979166666666667,68.98958333333333,0.300000004470348,126.41354355037525,38.19375056913122,,,,40172.93476681795,,,,,0.4898681167618027,1678.0,541.5045833333334,197.39685228630142,16.783854166666668,39.958333333333336,TTG00230,Macaé
2022-01-01,512.6770833333334,1.5083333558092524,29.6875,528.3333333333334,25.489583333333332,,196804.3203125,88.9583346589158,40196.933156962456,36.895833333333336,132.1572936359638,,79.79166666666667,442.2291666666667,40.0,1801.9479166666667,89.54166666666667,101.55208333333333,559.125,2.3333333333333335,69.66666666666667,0.3208333381141222,161.77500241063538,37.954167232227825,,,,40196.93443643339,,,,,0.48972450364635733,1678.0,671.1999999999999,204.63959306478228,21.328125,30.791666666666668,TTG00230,Macaé
2022-01-02,513.78125,1.4354166880560433,29.020833333333332,498.4583333333333,25.166666666666668,,197789.28645833334,88.91666799162824,40220.93619019418,39.177083333333336,125.11666853105028,,79.39583333333333,442.65625,36.604166666666664,1801.4375,89.02083333333333,101.6875,534.25,3.0,69.42708333333333,0.3187500047497448,145.83854383983027,38.21250056941063,,,,40220.93927801064,,,,,0.489877564993094,1678.0,614.2179166666666,201.65546095442002,19.28125,35.791666666666664,TTG00230,Macaé
2022-01-03,513.1458333333334,1.412500021047892,28.333333333333332,492.4791666666667,25.375,,198687.02604166666,88.86666799088319,40244.9391539814,40.395833333333336,123.17187683540402,,79.16666666666667,442.15625,35.666666666666664,1802.3020833333333,88.9375,101.64583333333333,527.7708333333334,3.0,69.20833333333333,0.3125000046566125,141.547918775895,36.63541721257692,,,,40244.9411131607,,,,,0.4898057584353713,1678.0,598.4866666666667,200.93315567249212,18.825520833333332,35.291666666666664,TTG00230,Macaé
2022-01-04,509.0729166666667,1.5000000223517427,28.75,513.2916666666666,25.427083333333332,,199628.24479166666,88.83333465705313,40268.942140916784,43.270833333333336,129.08125192346054,,79.41666666666667,440.0729166666667,38.666666666666664,1801.4583333333333,89.3125,101.51041666666667,550.0208333333334,3.0,69.47916666666667,0.3291666715716319,154.45521063489528,37.47708389178539,,,,40268.94378920333,,,,,0.4898870132245368,1678.0,648.8266666666667,202.26019750731155,20.265625,36.729166666666664,TTG00230,Macaé
2022-01-05,506.90625,1.5895833570199704,28.791666666666668,526.7916666666666,25.416666666666668,,200639.34114583334,88.86666799088317,40292.94502368544,45.479166666666664,132.57604364220367,,79.91666666666667,437.9583333333333,40.291666666666664,1801.4583333333333,89.64583333333333,101.35416666666667,559.1666666666666,3.0,69.72916666666667,0.36250000540167054,162.545835755455,37.60416722701242,,,,40292.94822450664,,,,,0.489877564993094,1678.0,676.0941666666666,204.1850728427249,21.421875,32.375,TTG00230,Macaé
2022-01-06,508.8229166666667,1.4791666887079684,28.0625,494.6041666666667,25.395833333333332,,201610.8046875,88.90000132471323,40316.948004833794,45.1875,123.81041851158567,,79.25,441.53125,36.0,1801.3229166666667,88.89583333333333,101.14583333333333,528.4166666666666,3.0,69.5,0.3291666715716319,143.00208546423042,37.07500055246054,,,,40316.95324902527,,,,,0.4908688812940151,1678.0,604.08,201.13311246497904,18.822916666666668,33.8125,TTG00230,Macaé
2022-01-07,508.0425531914894,1.4042553400739737,27.617021276595743,470.7659574468085,25.127659574468087,,202463.15691489363,88.9106396227441,40341.14772679805,91.01063829787235,116.86915067765622,,78.68085106382979,443.24468085106383,32.5531914893617,1800.787234042553,88.40425531914893,101.3936170212766,501.7659574468085,3.0,69.30851063829788,0.34042553698762895,127.04149125476786,36.47872394783065,,,,40341.00265090628,,,,,0.4989976009152436,1678.0,546.2425531914894,197.5958612222519,17.125,31.0,TTG00230,Macaé
2022-01-08,504.9270833333333,1.4520833549710632,27.895833333333332,486.7291666666667,25.25,,203289.53125,88.88333465779819,40364.953868750774,244.52173913043478,122.36250182334335,,79.16666666666667,441.1354166666667,35.395833333333336,1801.65625,88.8125,101.59375,518.2291666666666,3.0,69.64583333333333,0.35000000521540603,140.00937708630227,36.85625054920091,,,,40364.954542504696,,,,,0.4898057584353713,1678.0,593.9420833333334,199.91137243727192,18.263020833333332,31.5,TTG00230,Macaé
2022-01-09,503.1666666666667,1.3395833532946824,27.020833333333332,465.0625,25.364583333333332,,204140.25,88.91666799162824,40388.95678624168,185.2127659574468,115.90521006045559,,78.91666666666667,442.3333333333333,32.125,1801.1770833333333,88.58333333333333,101.83333333333333,495.5833333333333,3.0,69.41666666666667,0.3208333381141222,125.63021020536932,36.22916720652333,,,,40388.9539067533,,,,,0.48878308188022856,1678.0,539.0575,198.0390809587418,16.744791666666668,30.520833333333332,TTG00230,Macaé
2022-01-10,512.3369565217391,1.243478279398836,27.02173913043478,471.9782608695652,25.32608695652174,,204925.08111702127,88.91304480316846,40412.63486904605,87.6304347826087,117.65978436196313,-69.7191499750666,79.34782608695652,441.55434782608694,32.93478260869565,1801.5434782608695,88.91304347826087,101.5,503.8478260869565,2.119565217391304,72.46739130434783,0.29347826524273174,129.371741058224,-35.61702180733083,,,,40412.61876560552,,,,,0.46517355197887655,1678.0,552.645652173913,198.860696271571,16.747340425531913,31.869565217391305,TTG00230,Macaé
2022-01-11,520.9166666666666,1.1479166837719579,27.25,463.4375,25.447916666666668,,205726.3125,88.92500132508576,40436.259860274346,43.489583333333336,116.55104340341252,,79.04166666666667,442.1979166666667,32.520833333333336,1801.7083333333333,88.6875,101.5,495.4375,1.6875,74.21875,0.26666667064030936,127.15937689482244,35.38958386067923,,,,40435.971778703235,,,,,0.44471533161731713,1678.0,545.6995833333334,197.24729912938642,17.233072916666668,32.0,TTG00230,Macaé
2022-01-12,518.9821428571429,1.2107143037553327,28.071428571428573,444.4642857142857,25.428571428571427,,206404.28663793104,89.02857275520054,40464.682522350566,76.4,111.72857309345683,-112.99310513200449,78.64285714285714,445.55357142857144,30.107142857142858,1800.6607142857142,88.07142857142857,101.69642857142857,485.4642857142857,1.4821428571428572,72.85714285714286,0.282142861347113,115.89821601273208,-77.26896666863888,,,,40471.37713224401,,,,,0.8936894017433274,1678.0,505.1978571428571,194.77917298256125,16.73060344827586,41.0,TTG00230,Macaé
2022-01-13,517.6914893617021,1.2021276774875655,28.425531914893618,456.0851063829787,25.170212765957448,,207009.8005319149,89.4468098434996,40483.73070125351,63.1063829787234,113.90851233566693,,79.08510638297872,441.79787234042556,31.21276595744681,1807.723404255319,88.46808510638297,102.02127659574468,495.5744680851064,1.5,73.19148936170212,0.25744681234689437,120.85106563060843,37.176596298655305,,,,40483.73974060237,,,,,0.4609693863150166,1678.0,523.7502127659574,195.89461047082668,16.319148936170212,39.48936170212766,TTG00230,Macaé
2022-01-14,510.5104166666667,1.4645833551573257,30.145833333333332,538.6129032258065,25.177083333333332,,207933.1640625,89.16666799535352,40507.6842662395,49.145833333333336,132.4052103063247,,81.79166666666667,436.1041666666667,40.166666666666664,1804.2604166666667,91.3125,102.47916666666667,554.8958333333334,1.8125,74.92708333333333,0.35208333857978347,163.01666909580436,39.18750058393926,,,,40507.622073009734,,,,,0.4118840065295141,1678.0,673.9966666666667,204.29555257256808,21.278645833333332,35.516129032258064,TTG00230,Macaé
2022-01-15,514.125,1.1388889058596563,28.25,442.63157894736844,25.333333333333332,,208669.47135416666,88.88889021343654,40528.60876897527,45.94444444444444,108.9486127345719,-819.2000122070325,78.30555555555556,445.5138888888889,28.75,1800.875,87.38888888888889,102.30555555555556,470.02777777777777,1.4861111111111112,73.25,0.2555555593636298,110.01527941713307,-791.4083451262377,,,,40528.55658381706,,,,,0.3521333126967268,1678.0,482.42499999999995,193.28074094332052,10.752604166666666,45.31578947368421,TTG00230,Macaé
2022-01-16,509.3958333333333,1.3854166873109823,28.333333333333332,499.2083333333333,25.375,,209370.29427083334,88.93333465854327,40549.540819942056,119.4375,129.0958352570112,0.004166666728754833,79.64583333333333,436.2916666666667,38.5625,1801.4895833333333,89.35416666666667,102.01041666666667,534.125,1.75,74.69791666666667,0.34791667185102887,155.6145856521713,36.87083388275156,,,,40549.52621821759,,,,,0.48395519130766235,1678.0,647.07875,202.31848391960344,20.731770833333332,34.916666666666664,TTG00230,Macaé
2022-01-17,505.7105263157895,1.7631579210099417,28.210526315789473,546.0,25.07894736842105,13.125,210322.97554347827,89.05263290593498,40566.8471089432,28.105263157894736,151.2500022538006,-1720.3200256347682,81.05263157894737,433.60526315789474,50.1578947368421,1802.3947368421052,90.89473684210526,102.0,576.2631578947369,2.4210526315789473,76.10526315789474,0.44210526974577663,206.6763188691908,-1703.9350253906127,,,,40568.24923689006,,,,,0.18476939255069738,1678.0,841.6494736842105,205.19548239897023,13.133695652173628,30.263157894736842,TTG00230,Macaé
2022-01-18,,,,,,,210477.3913043478,,,,,-3276.80004882813,,,,,,,,,,,,-3276.80004882813,,,,40573.859125728,,,,,,,,,0.33695652173931495,,TTG00230,Macaé
2022-01-19,511.375,1.400000020861625,24.75,476.25,25.25,34.375,210517.43495982987,89.2000013291836,40575.822060918304,25.5,121.37500180862838,-2991.860914147423,79.0,447.875,34.5,1805.0,88.0,102.0,514.25,1.875,73.25,0.45000000670552254,137.87500205449751,-2989.345696718639,,,,40575.020334386434,,,,,0.036605504324815345,1678.0,578.91,199.9482284230674,1.665585494447125,38.0,TTG00230,Macaé
2022-01-20,,,,,,,210565.453125,,,,,-3276.80004882813,,,,,,,,,,,,-3276.80004882813,,,,40577.61023984,,,,,,,,,0.138671875,,TTG00230,Macaé
2022-01-21,,,,,,,210572.0400390625,,,,,-3276.80004882813,,,,,,,,,,,,-3276.80004882813,,,,40577.61023984,,,,,,,,,0.138671875,,TTG00230,Macaé
2022-01-22,507.8,1.6666666915019361,26.866666666666667,517.6,25.433333333333334,48.63333333333333,210628.69075520834,89.09333466092747,40581.59798659065,37.333333333333336,135.0000020116567,-2252.800033569339,79.4,446.9,42.4,1804.6,88.2,101.9,555.6,1.7333333333333334,73.26666666666667,0.5066666742165883,169.28333585585162,-2242.552116749967,,,,40578.970472409674,,,,,0.14823468648880103,1678.0,711.472,200.77672784965907,7.60546875,38.0,TTG00230,Macaé
2022-01-23,509.52777777777777,1.4472222437875146,29.944444444444443,506.80555555555554,25.208333333333332,43.90277777777778,211336.10054347827,89.0333346600334,40594.86335620879,27.069444444444443,131.4041686247414,-712.3478367017674,79.88888888888889,440.9583333333333,42.77777777777778,1801.361111111111,89.30555555555556,102.0,546.2222222222222,1.9166666666666667,75.04166666666667,0.33055556048121687,160.17083572006476,-682.0717492940968,,,,40594.53063984974,,,,,0.36344253162156825,1678.0,717.8111111111111,189.18180741798972,16.222506393861966,39.416666666666664,TTG00230,Macaé
2022-01-24,511.15384615384613,1.6000000238418568,28.846153846153847,543.4230769230769,25.25,53.82692307692308,211921.78442671394,89.23077056041133,40611.12145197845,34.92307692307692,140.7442328664833,-1464.1021494763984,79.5,438.8269230769231,45.57692307692308,1804.5576923076924,89.07692307692308,101.98076923076923,581.0,1.9423076923076923,72.88461538461539,0.37692308253966816,181.88654117185902,-1444.2404470527765,,,,40609.39244020664,,,,,0.25672810136351704,1678.0,764.7807692307692,202.0321754853427,13.907818801279372,37.57692307692308,TTG00230,Macaé
2022-01-25,496.59375,1.6437500244937824,26.84375,533.46875,25.375,58.265625,212660.77276234567,88.8375013237819,40626.57751603887,97.734375,139.6250020805746,-364.08889431423665,79.78125,438.90625,46.5625,1801.359375,89.3125,101.921875,569.71875,2.078125,73.984375,0.4406250065658241,179.6187526765279,-335.10833832683716,,,,40625.6233416482,,,,,0.41412600446549025,1678.0,781.31875,194.3095512567473,21.527006172839418,36.25,TTG00230,Macaé
2022-01-26,494.28125,1.7500000260770312,30.6875,556.9375,25.0625,59.5,213443.73177083334,88.87500132434069,40638.645146709445,91.59375,145.36562716611655,-2184.53336588542,80.8125,434.75,48.5625,1799.96875,90.5,102.0,596.75,2.0,74.53125,0.4750000070780518,192.28125286521384,-2172.5875323740797,,,,40641.53022889683,,,,,0.1632229841137208,1678.0,814.87875,200.67007881025617,8.427083333333334,39.8125,TTG00230,Macaé
2022-01-27,518.6444444444444,1.464444466266368,28.955555555555556,435.97777777777776,25.22222222222222,22.233333333333334,213838.4414893617,88.79111243420176,40654.44644301741,83.31818181818181,109.20555718284503,-139.4382999501332,78.35555555555555,446.02222222222224,37.733333333333334,1799.2888888888888,87.84444444444445,101.5,476.9111111111111,1.8888888888888888,72.24444444444444,0.42444445076915926,110.4733349795143,-103.11489515355314,,,,40654.06260427776,,,,,0.46047374449018263,1678.0,633.1653333333333,151.4936789421779,14.087765957446809,40.93333333333333,TTG00230,Macaé
2022-01-28,520.3235294117648,1.4294117860057793,28.823529411764707,412.5882352941176,25.264705882352942,18.0,214359.4974489796,88.8000013232231,40669.94834546656,186.3235294117647,103.55000154301514,-2139.9510522959217,77.94117647058823,446.05882352941177,36.294117647058826,1799.264705882353,87.0,101.5,452.6470588235294,2.0,71.79411764705883,0.37647059384514264,98.14706028603447,-2126.9183990404954,,,,40672.75576569181,,,,,0.16145515561903284,1678.0,609.015294117647,140.39071893630378,4.503826530612245,40.05882352941177,TTG00230,Macaé
2022-01-29,514.0,1.60000002384186,30.0,537.0,25.5,45.5,214408.78125,88.8000013232231,40675.0572055463,109.5,135.100002013147,-3194.8800476074266,80.0,449.0,42.0,1809.5,88.0,101.5,565.0,1.5,73.5,0.400000005960464,167.55000249669,-3193.9425475934568,,,,40674.39500245293,,,,,0.012287046866913443,1678.0,704.76,202.079434306979,0.8828125,28.0,TTG00230,Macaé
2022-01-30,511.8181818181818,1.8303030575766714,30.0,528.1515151515151,25.28787878787879,51.0,214905.66536458334,88.99394072005244,40683.55806215519,61.04545454545455,135.33788080457043,-1024.0000152587907,79.6969696969697,441.8636363636364,44.18181818181818,1801.1515151515152,89.51515151515152,101.5909090909091,565.2424242424242,2.1515151515151514,73.39393939393939,0.5393939474315357,169.98636616935778,-997.4708481968086,,,,40686.242873042334,,,,,0.33560212033322995,1678.0,741.3709090909091,195.22946588898378,15.127604166666666,37.09090909090909,TTG00230,Macaé
2022-01-31,510.7435897435897,1.751282077378189,30.641025641025642,541.5897435897435,25.333333333333332,56.85897435897436,215642.28292410716,89.06666799386342,40701.59378548031,87.42105263157895,139.6641046452599,-614.4000091552743,80.2051282051282,439.3076923076923,45.05128205128205,1802.051282051282,89.64102564102564,101.51282051282051,579.7435897435897,2.41025641025641,75.33333333333333,0.41025641636970706,179.63205395877745,-584.2062587053524,,,,40702.451134919604,,,,,0.3783698103426711,1678.0,755.9605128205128,201.17922024384376,18.89992559523792,38.15384615384615,TTG00230,Macaé
2022-02-01,513.7833333333333,1.5766666901608322,29.4,505.6,25.25,43.11666666666667,216308.04788961037,89.12000132799149,40719.165396371434,89.05,129.2233352589111,-1042.6159246270984,79.5,441.93333333333334,40.166666666666664,1804.6666666666667,88.73333333333333,101.66666666666667,547.2333333333333,2.183333333333333,74.95,0.34000000506639444,155.9800023242831,-1017.8250151667761,,,,40717.56691459338,,,,,0.3283519506223291,1678.0,673.9966666666667,196.00470168470375,14.714285714285904,41.63333333333333,TTG00230,Macaé
2022-02-02,516.804347826087,1.3260869762819756,29.73913043478261,477.6521739130435,25.434782608695652,29.652173913043477,217010.94630456352,89.25217524300453,40732.616439976206,113.6304347826087,120.31087135798899,-1706.6666920979844,78.78260869565217,441.8695652173913,35.43478260869565,1804.6304347826087,88.56521739130434,102.0,518.7391304347826,2.5,74.21739130434783,0.24782609064941793,135.30869766843065,-1688.0375251537216,,,,40735.6764582469,,,,,0.2330110420918269,1678.0,594.595652173913,194.65598987301968,8.31039186507951,41.08695652173913,TTG00230,Macaé
2022-02-03,512.5,1.744444470438692,29.0,540.8888888888889,25.22222222222222,47.388888888888886,217186.08409008765,89.02222354875671,40741.07308889529,57.333333333333336,138.34444650593733,-2325.471002394157,79.33333333333333,457.05555555555554,46.0,1802.2222222222222,89.33333333333333,101.88888888888889,572.8888888888889,1.9444444444444444,69.05555555555556,0.5444444525572991,175.1444470543,-2315.819389347111,,,,40740.27122366695,,,,,0.13489746862169047,1678.0,771.88,194.4421524216613,6.51298906659377,32.0,TTG00230,Macaé
2022-02-04,511.54347826086956,1.6304348069040666,28.608695652173914,521.0434782608696,25.282608695652176,45.130434782608695,217552.5904646433,89.18261002457662,40749.580341717454,71.67391304347827,133.05000198259947,-1673.2595994015983,79.26086956521739,455.4130434782609,42.56521739130435,1803.0217391304348,89.3913043478261,101.80434782608695,554.8695652173913,1.9782608695652173,68.97826086956522,0.46086957208488305,163.87391548538983,-1656.4170459591353,,,,40749.27134425848,,,,,0.22232897661330966,1678.0,714.2443478260869,194.8753440039102,10.375899561952696,33.82608695652174,TTG00230,Macaé
2022-02-05,517.0,1.3500000201165698,27.75,444.75,25.25,21.625,217853.4893966965,88.8000013232231,40756.8060174817,90.0,112.425001675263,-2997.9234489278633,79.0,457.125,40.0,1799.625,88.5,101.5,484.5,2.5,68.0,0.350000005215406,117.4500017501412,-2995.083023353623,,,,40757.02014322845,,,,,0.0335399048959284,1678.0,671.2,151.29141081217566,1.3770413400519868,39.75,TTG00230,Macaé
2022-02-06,,,,,,,217872.84155701753,,,,,-3276.80004882813,,,,,,,,,,,,-3276.80004882813,,,,40757.7571522501,,,,,3.387536586766752e-05,,,,0.03837719298280717,,TTG00230,Macaé
2022-02-07,508.2692307692308,1.4230769442824212,27.923076923076923,444.15384615384613,25.23076923076923,25.23076923076923,217903.7775493421,84.09230894538072,40760.846501312146,58.15384615384615,112.58077090835341,-2389.333368937178,75.6923076923077,458.4230769230769,40.61538461538461,1737.4615384615386,84.84615384615384,101.53846153846153,485.7692307692308,1.8461538461538463,64.11538461538461,0.40769231376739623,121.43846334803578,-2380.2458688017637,,,,40758.61773672357,,,,,0.10334934996853917,1585.2296153846155,671.3214115384616,194.6746913646836,4.344736842105097,41.61538461538461,TTG00230,Macaé
2022-02-08,,,,,,,218084.07083333333,,,,,-3276.80004882813,,,,,,,,,,,,-3276.80004882813,,,,40764.050388992,,,,,,,,,0.07916666666666666,,TTG00230,Macaé
2022-02-09,,,,,,,218087.75208333333,,,,,-3276.80004882813,,,,,,,,,,,,-3276.80004882813,,,,40764.05043239481,,,,,1.44676041600178e-05,,,,0.07916666666703047,,TTG00230,Macaé
2022-02-10,502.0,2.05000003054738,30.0,586.0,25.5,90.25,218102.77639130977,88.8000013232231,40764.6735234424,115.0,166.6500024832785,-3140.266713460291,77.5,466.25,56.5,1799.5,81.0,101.5,609.0,2.25,62.75,0.650000009685755,240.2250035796315,-3138.6958801035507,,,,40764.59233676352,,,,,0.017112282208321023,1678.0,948.0699999999999,215.3963512758881,0.6161721170871411,23.0,TTG00230,Macaé
2022-02-11,,,,,,,218121.38620517927,,,,,-3276.80004882813,,,,,,,,,,,,-3276.80004882813,,,,40765.285945536,,,,,,,,,0.09013944223079307,,TTG00230,Macaé
2022-02-12,,,,,,,218125.71289840635,,,,,-3276.80004882813,,,,,,,,,,,,-3276.80004882813,,,,40765.285945536,,,,,,,,,0.0901394422313994,,TTG00230,Macaé
2022-02-13,,,,,,,218130.03959163348,,,,,-3276.80004882813,,,,,,,,,,,,-3276.80004882813,,,,40765.285945536,,,,,,,,,0.09013944223079307,,TTG00230,Macaé
2022-02-14,,,,,,,218134.36628486056,,,,,-3276.80004882813,,,,,,,,,,,,-3276.80004882813,,,,40765.286198061454,,,,,8.417515164182987e-05,,,,0.0901394422313994,,TTG00230,Macaé
2022-02-15,510.9,1.740000025928022,30.0,543.0,25.2,50.2,218155.33540688435,88.9600013256073,40766.745830567976,42.1,138.58000206500301,-2935.466710408533,80.0,452.1,48.0,1803.5,89.0,101.9,579.4,2.0,67.0,0.6200000092387202,176.590002631396,-2931.9104603555406,,,,40765.75277671755,,,,,0.041303343929181814,1678.0,805.4399999999999,185.96971438399243,2.6152592012895184,36.4,TTG00230,Macaé
2022-02-16,508.6842105263158,1.5684210760028743,28.05263157894737,498.94736842105266,25.236842105263158,45.81578947368421,218528.87647385508,88.96842237836437,40773.31410747412,35.71052631578947,131.0078966890118,-1638.400024414065,79.47368421052632,448.55263157894734,39.578947368421055,1802.157894736842,89.26315789473684,102.0,535.2105263157895,2.4473684210526314,73.63157894736842,0.4368421117726125,160.9763181882077,-1620.897392574308,,,,40774.29552424818,,,,,0.21495703592690438,1678.0,664.1347368421052,202.1930517409879,10.367545283663754,36.26315789473684,TTG00230,Macaé
2022-02-17,517.875,1.4500000216066824,27.0,485.25,25.5,33.125,218700.78146795335,88.8000013232231,40779.8179099162,29.25,121.31250180769726,-3003.7333780924528,79.5,446.0,41.75,1802.75,90.5,102.0,523.0,2.125,68.375,0.45000000670552254,136.8375020390376,-3000.727128047656,,,,40779.79376859006,,,,,0.034376290127208144,1678.0,700.565,166.64445435679676,1.5486017165706774,37.75,TTG00230,Macaé
2022-02-18,,,,,,,218731.3392857143,,,,,-3276.80004882813,,,,,,,,,,,,-3276.80004882813,,,,40780.694846752,,,,,,,,,0.03968253968256855,,TTG00230,Macaé
2022-02-19,,,,,,,218733.24404761905,,,,,-3276.80004882813,,,,,,,,,,,,-3276.80004882813,,,,40780.694846752,,,,,,,,,0.03968253968256855,,TTG00230,Macaé
2022-02-20,,,,,,,218735.14880952382,,,,,-3276.80004882813,,,,,,,,,,,,-3276.80004882813,,,,40780.694846752,,,,,,,,,0.03968253968256855,,TTG00230,Macaé
2022-02-21,518.8333333333334,1.2333333517114333,27.0,331.5,25.5,6.0,218761.194549534,89.20000132918362,40782.49575916725,27.0,89.01666799311835,-2858.48514897773,78.33333333333333,457.5833333333333,19.0,1803.0,87.5,102.0,361.1666666666667,1.4166666666666667,65.0,0.45000000670552254,68.2916676842918,-2854.070255294922,,,,40782.59767333337,,,,,0.056241179744748925,1678.0,318.82,181.87817993547353,1.0294529234661047,29.666666666666668,TTG00230,Macaé
2022-02-22,,,,,,,218787.1928191489,,,,,-3276.80004882813,,,,,,,,,,,,-3276.80004882813,,,,40784.219294016,,,,,,,,,0.11436170212740156,,TTG00230,Macaé
2022-02-23,,,,,,,218792.6821808511,,,,,-3276.80004882813,,,,,,,,,,,,-3276.80004882813,,,,40784.219294016,,,,,,,,,0.11436170212800789,,TTG00230,Macaé
2022-02-24,481.0,0.800000011920929,27.0,234.0,26.0,,218797.30587484865,69.6000010371208,40784.884788755,44.0,56.3000008389354,-3167.573380533859,77.0,457.0,6.0,1543.0,82.0,102.0,275.0,1.0,57.5,0.300000004470348,53.9000008031726,-3166.4433805170206,,,,40784.48952468486,,,,,0.007212625797789466,1630.12,97.8072,468.4215546779451,0.16110102058446502,41.0,TTG00230,Macaé
2022-02-25,512.4642857142857,1.450000021606685,29.142857142857142,525.7857142857143,25.535714285714285,42.82142857142857,218844.20734883132,88.40000131726272,40789.34328419641,31.107142857142858,133.84285913727106,-2321.066701253259,80.57142857142857,444.89285714285717,49.285714285714285,1795.357142857143,90.71428571428571,102.39285714285714,559.9285714285714,1.8214285714285714,70.21428571428571,0.4357142922069346,166.51428819554192,-2310.716701099032,,,,40786.615417332076,,,,,0.13140722424107784,1678.0,827.0142857142857,168.46782883284362,6.740790142276334,34.142857142857146,TTG00230,Macaé
2022-02-26,509.12857142857143,1.657142881836209,30.2,554.8285714285714,25.52857142857143,50.74285714285714,219497.52173913043,88.41142988886158,40801.714841188536,30.47142857142857,141.5500021092594,-783.5826203719442,81.37142857142857,435.15714285714284,51.48571428571429,1796.5142857142857,93.25714285714285,102.22857142857143,587.7714285714286,1.957142857142857,70.4,0.4800000071525575,183.9585741697677,-756.0413156137207,,,,40801.123948441484,,,,,0.36114623348824,1678.0,863.9302857142858,180.01793056246973,18.320652173913043,32.94285714285714,TTG00230,Macaé
2022-02-27,516.8888888888889,1.3388889088398894,29.555555555555557,477.8888888888889,25.5,24.77777777777778,220206.78680507894,88.40000131726269,40814.99811403895,30.72222222222222,119.11111288600495,-2021.8553492769313,78.66666666666667,446.80555555555554,46.5,1794.9722222222222,89.33333333333333,102.08333333333333,517.7777777777778,2.0,67.36111111111111,0.3611111164920857,132.46111308493556,-2006.9468384164793,,,,40817.948255278105,,,,,0.18158312398984292,1678.0,780.27,143.9992189953124,6.4631949210709125,39.888888888888886,TTG00230,Macaé
2022-02-28,,,,,,,220276.7755376344,,,,,-3276.80004882813,,,,,,,,,,,,-3276.80004882813,,,,40819.854944217615,,,,,2.2045873114014587e-05,,,,0.27150537634406646,,TTG00230,Macaé
2022-03-01,506.6212121212121,1.4545454762198708,29.636363636363637,456.6060606060606,25.560606060606062,23.272727272727273,220468.31342405916,88.40000131726269,40828.12082319548,24.606060606060606,114.14242594327885,-1024.0000152587907,78.33333333333333,451.72727272727275,43.36363636363637,1796.2424242424242,87.84848484848484,101.98484848484848,495.93939393939394,1.7121212121212122,66.13636363636364,0.4484848551677935,121.78788060265957,-997.3895981955978,,,,40825.55883200068,,,,,0.33297365496794856,1678.0,727.6418181818182,142.20831575680182,10.879116263440665,39.333333333333336,TTG00230,Macaé
2022-03-02,505.7916666666667,1.4479166882423067,29.520833333333332,449.25,25.572916666666668,20.479166666666668,221159.22135416666,88.40000131726269,40848.373349587375,25.270833333333332,111.4041683267181,0.004166666728754833,78.47916666666667,451.3541666666667,42.604166666666664,1795.75,88.41666666666667,102.0,491.4375,2.0,66.39583333333333,0.4458333399767677,115.72812672448346,38.69791724331057,,,,40848.37412614103,,,,,0.4894744404581009,1678.0,714.8979166666667,137.757610628956,15.299479166666666,42.1875,TTG00230,Macaé
2022-03-03,505.07608695652175,1.3347826285854623,28.934782608695652,445.5217391304348,25.543478260869566,20.619565217391305,221875.95052083334,88.40869696956618,40872.00555524346,24.619565217391305,110.45869729813683,-136.5020853673731,78.58695652173913,452.60869565217394,42.41304347826087,1795.8260869565217,88.41304347826087,101.98913043478261,490.0217391304348,1.8804347826086956,68.57608695652173,0.3652173967465108,113.69674082464822,-99.90833482208372,,,,40871.974305640964,,,,,0.46430183276652315,1678.0,711.6908695652173,135.6443088296411,14.4765625,44.5,TTG00230,Macaé
2022-03-04,504.9791666666667,1.2916666859140007,29.75,471.7291666666667,25.5625,26.760416666666668,222614.5078125,88.40000131726269,40895.61708908437,23.0,117.39791841603191,0.0020833333643774164,78.41666666666667,452.75,44.770833333333336,1795.5729166666667,88.375,102.0,515.3541666666666,2.0,70.35416666666667,0.33958333839351895,129.14166859102747,38.785417244614415,,,,40895.61984609933,,,,,0.4898870132245368,1678.0,751.2545833333334,145.7743968610795,17.109375,43.625,TTG00230,Macaé
2022-03-05,505.8510638297872,1.2936170405529916,29.595744680851062,477.82978723404256,25.638297872340427,26.074468085106382,223464.42021276595,88.40000131726269,40919.40191194588,23.73404255319149,118.37234218941724,,78.87234042553192,451.13829787234044,45.95744680851064,1795.276595744681,88.80851063829788,102.0,514.2340425531914,2.0,70.27659574468085,0.34042553698762895,131.12021471980088,39.02978781563171,,,,40919.37218063969,,,,,0.49074772699253677,1678.0,771.1659574468085,144.45045245646577,17.59840425531915,36.40425531914894,TTG00230,Macaé
2022-03-06,506.0520833333333,1.3229166863796622,30.666666666666668,483.7083333333333,25.583333333333332,26.541666666666668,224300.74739583334,88.40000131726269,40943.62295878841,24.385416666666668,119.9291684537505,,79.08333333333333,449.7604166666667,46.916666666666664,1795.34375,88.8125,102.0,520.9791666666666,2.0,70.55208333333333,0.35208333857978347,134.2927103344506,39.98958392922456,,,,40943.42163202592,,,,,0.4978206143055104,1678.0,787.2616666666667,144.93638559559074,17.700520833333332,37.270833333333336,TTG00230,Macaé
2022-03-07,506.44444444444446,1.30555557500985,30.88888888888889,480.3888888888889,25.666666666666668,26.22222222222222,224975.0892619681,88.4000013172627,40960.12496781862,24.944444444444443,119.38889066792194,-2021.8553492769313,79.16666666666667,449.47222222222223,46.22222222222222,1794.5555555555557,88.77777777777777,102.0,518.2777777777778,2.0,70.36111111111111,0.3444444495770662,133.23333531866467,-2006.5042852183954,,,,40962.88360952417,,,,,0.18347532408509498,1678.0,775.6088888888888,145.95649343816652,6.41123670212766,37.888888888888886,TTG00230,Macaé
2022-03-08,499.81666666666666,1.4466666882236792,30.866666666666667,468.6,25.833333333333332,25.833333333333332,225189.99462890625,85.68000127673153,40972.10618059965,23.85,116.21833506512151,-1228.7812683102693,78.23333333333333,450.8833333333333,44.13333333333333,1759.5666666666666,87.36666666666666,102.0,502.1333333333333,1.55,67.13333333333334,0.4866666739185654,128.06500190831724,-1203.862517938951,,,,40969.33298424591,,,,,0.3011002321585086,1632.5666666666666,740.103,481.69260558645084,10.748372395833334,33.53333333333333,TTG00230,Macaé
2022-03-09,505.625,1.5333333561817808,31.083333333333332,490.0208333333333,25.864583333333332,29.34375,225979.13802083334,88.40833465072019,40991.60844653257,25.03125,121.06875180406496,0.029166667101283832,79.22916666666667,449.4479166666667,46.333333333333336,1795.3333333333333,88.97916666666667,102.03125,526.0208333333334,2.0,68.11458333333333,0.5125000076368453,136.9572937074893,40.49791727013265,,,,40991.61062772939,,,,,0.48972450364635733,1678.0,777.4733333333334,149.9875041194185,18.143229166666668,36.0,TTG00230,Macaé
2022-03-10,502.8020833333333,1.6604166914088025,31.541666666666668,514.8125,25.791666666666668,38.520833333333336,226863.0,88.40000131726269,41015.61135244937,25.46875,128.57083524918806,,80.5,445.53125,48.270833333333336,1795.3333333333333,90.16666666666667,102.0625,547.9166666666666,2.5104166666666665,69.10416666666667,0.5416666747381292,153.99271062800355,41.24166728121539,,,,41015.615497651335,,,,,0.48988701322438527,1678.0,809.9845833333334,160.76942701945597,20.296875,33.104166666666664,TTG00230,Macaé
2022-03-11,504.9791666666667,1.6083333572993677,31.1875,498.5416666666667,25.71875,32.09375,227845.58072916666,88.40833465072022,41039.614304662515,24.770833333333332,123.54687684099184,,79.25,447.9375,47.520833333333336,1795.8958333333333,89.14583333333333,101.86458333333333,533.3333333333334,3.5,68.55208333333333,0.5437500081025067,142.60833545836317,40.70833393993476,,,,41039.619932954636,,,,,0.489877564993094,1678.0,797.3995833333333,151.83232278111475,18.7109375,34.791666666666664,TTG00230,Macaé
2022-03-12,504.09375,1.5895833570199693,31.125,479.8125,25.541666666666668,28.697916666666668,228732.859375,88.45000131800772,41063.617291597904,25.447916666666668,119.67500178329641,,79.39583333333333,448.0520833333333,45.4375,1795.9583333333333,88.97916666666667,101.875,523.1666666666666,3.5,68.4375,0.5291666745518647,133.99896033007337,40.443750602658845,,,,41063.61553843393,,,,,0.4877292015144121,1678.0,762.44125,148.44913712808818,17.536458333333332,43.354166666666664,TTG00230,Macaé
2022-03-13,505.84375,1.4437500215135537,30.625,418.9375,25.59375,18.15625,229303.91509819965,88.42500131763522,41079.61933497154,25.34375,105.53437657258475,-2161.2936492270646,78.125,451.40625,39.6875,1795.40625,88.0625,102.0,466.125,3.5,67.46875,0.48125000717118405,103.13125153677538,-2147.8893937081766,,,,41082.4109090249,,,,,0.16002005258710694,1678.0,665.95625,131.19886996153912,4.561783960720083,47.1875,TTG00230,Macaé
2022-03-14,509.84090909090907,1.7545454806902183,28.0,522.9545454545455,25.522727272727273,39.56818181818182,229634.18244645977,88.4000013172627,41089.64217873939,32.11363636363637,132.10909287766972,-1774.8979431147093,79.18181818181819,448.95454545454544,49.54545454545455,1795.340909090909,88.95454545454545,101.79545454545455,557.3181818181819,1.9772727272727273,68.02272727272727,0.5090909166769552,161.63863877223977,-1759.6250262204585,,,,41091.04605300997,,,,,0.22679654999061918,1678.0,831.3727272727273,166.17145283190874,9.54864146270423,34.36363636363637,TTG00230,Macaé
2022-03-15,524.8333333333334,0.9666666810711231,23.333333333333332,270.0,25.833333333333332,,229818.32843379446,88.4000013172627,41096.94595110794,28.833333333333332,74.41666777556144,-3063.0956978175996,68.33333333333333,489.8333333333333,21.666666666666668,1793.1666666666667,74.0,101.5,262.0,1.0,61.666666666666664,0.3333333383003867,40.7333339403073,-3061.132654310087,,,,41096.066282623826,,,,,0.019521754747984232,1678.0,363.56666666666666,95.79928061476154,0.48763057594529213,18.666666666666668,TTG00230,Macaé
2022-03-16,515.3,1.42000002115965,24.2,510.4,25.9,31.3,229899.24348958334,88.40000131726268,41099.00547118684,35.2,124.71000185832399,-2935.4542104083466,78.8,455.9,48.6,1796.4,87.0,101.9,482.6,2.0,68.8,0.5000000074505808,146.0900021769106,-2932.397960362805,,,,41099.410749872666,,,,,0.04568786723802987,1678.0,815.508,150.50889329813978,2.2542782738097835,27.8,TTG00230,Macaé
2022-03-17,504.8636363636364,1.6818182068792273,29.59090909090909,650.2272727272727,25.65909090909091,56.01136363636363,230620.77039007095,88.43636495416818,41111.673306541954,32.54545454545455,156.1011386897245,-209.1021307754393,80.38636363636364,447.875,58.38636363636363,1795.409090909091,90.54545454545455,102.0909090909091,518.5454545454545,1.9659090909090908,70.39772727272727,0.7681818296286193,216.4431850434366,-174.66170473032207,,,,41112.39893975315,,,,,0.4472773833966014,1678.0,979.7231818181818,186.3764287849497,26.374408983451467,131.6818181818182,TTG00230,Macaé
2022-03-18,,,,,,,231179.40277777778,,,,,-3276.80004882813,,,,,,,,,,,,-3276.80004882813,,,,41122.54400912,,,,,,,,,0.05555555555535344,,TTG00230,Macaé
2022-03-19,,,,,,,231182.06944444447,,,,,-3276.80004882813,,,,,,,,,,,,-3276.80004882813,,,,41122.54400912,,,,,,,,,0.05555555555595978,,TTG00230,Macaé
2022-03-20,,,,,,,231184.73611111112,,,,,-3276.80004882813,,,,,,,,,,,,-3276.80004882813,,,,41122.5440785645,,,,,2.314816674697795e-05,,,,0.05555555555535344,,TTG00230,Macaé
2022-03-21,509.3333333333333,1.515151537729033,31.454545454545453,547.3333333333334,25.5,37.21212121212121,231440.00354609927,88.40000131726268,41131.03843484993,30.924242424242426,133.43788077625817,-976.0298017780212,79.57575757575758,449.04545454545456,50.18181818181818,1794.5454545454545,89.45454545454545,102.22727272727273,520.060606060606,2.303030303030303,68.39393939393939,0.5181818259033292,165.059093368663,-947.1298013473777,,,,41128.604135387824,,,,,0.335050460220992,1678.0,842.050909090909,167.49496676612503,15.46335697399534,27.333333333333332,TTG00230,Macaé
2022-03-22,512.46875,1.4562500216998178,30.958333333333332,517.6458333333334,25.510416666666668,29.895833333333332,232377.6640625,88.40000131726269,41151.29092862397,31.739583333333332,127.35104356434512,0.025000000372529,78.8125,449.96875,49.5,1795.1875,88.9375,102.48958333333333,498.9583333333333,2.5,67.65625,0.5000000074505809,150.55521057678075,40.51666727041206,,,,41151.29557785064,,,,,0.489877564993094,1678.0,830.61,154.72480520481488,19.765625,18.6875,TTG00230,Macaé
2022-03-23,513.2604166666666,1.4437500215135532,31.0,512.4583333333334,25.53125,28.197916666666668,233324.171875,88.40000131726269,41175.29392713343,31.354166666666668,126.16562688001427,0.0020833333643774164,78.70833333333333,449.7708333333333,49.4375,1794.3125,88.75,102.5,495.5,2.5,67.625,0.4604166735274097,148.183335541437,40.39791726864254,,,,41175.29510845384,,,,,0.4890375761519863,1678.0,829.5612500000001,152.3653491284721,19.609375,16.958333333333332,TTG00230,Macaé
2022-03-24,515.5930232558139,1.3325581593915485,30.953488372093023,493.06976744186045,25.558139534883722,23.86046511627907,234180.12234042553,88.4000013172627,41198.31273763952,25.38372093023256,120.9104669179854,-278.8127701120812,78.51162790697674,450.04651162790697,47.55813953488372,1794.6162790697674,88.44186046511628,102.0813953488372,482.69767441860466,1.9534883720930232,69.12790697674419,0.4441860531305157,136.7406997120138,-242.08298233072216,,,,41198.163629484,,,,,0.43730003665885,1678.0,798.0255813953488,146.15400737288627,16.800531914893618,10.372093023255815,TTG00230,Macaé
2022-03-25,518.46875,1.2895833525496225,30.958333333333332,496.8958333333333,25.645833333333332,23.645833333333332,235021.9453125,88.40000131726269,41221.23948277652,19.625,120.95000180229549,0.05416666747381283,78.6875,449.4166666666667,48.25,1795.0833333333333,88.5625,101.83333333333333,484.5,2.0,70.21875,0.43333333979050304,136.48541870045784,40.59166727152964,,,,41221.24273509328,,,,,0.4898681167618027,1678.0,809.6350000000001,143.7098085625663,18.080729166666668,12.395833333333334,TTG00230,Macaé
2022-03-26,516.5520833333334,1.3937500207684959,31.645833333333332,534.9166666666666,25.583333333333332,31.541666666666668,235941.13802083334,88.40000131726269,41245.24250443416,18.833333333333332,128.71041858460134,0.05625000083819024,80.6875,444.75,50.104166666666664,1795.6666666666667,90.35416666666667,101.57291666666667,515.5833333333334,2.0,71.51041666666667,0.466666673620542,153.9208356269325,41.54791728577887,,,,41245.24098180509,,,,,0.4879230408798018,1678.0,840.7479166666667,156.4889070764392,20.216145833333332,19.333333333333332,TTG00230,Macaé
2022-03-27,513.3974358974359,1.2641025829391608,31.153846153846153,489.0,25.55128205128205,23.03846153846154,236840.32857833657,88.4000013172627,41267.28145052969,21.884615384615383,120.27564281788774,-557.7531998005328,79.15384615384616,448.5128205128205,48.0,1795.525641025641,88.76923076923077,101.85897435897436,479.9230769230769,1.7179487179487178,74.84615384615384,0.44615385280205644,134.92436098488864,-524.008518446634,,,,41268.61016222185,,,,,0.3956189138155017,1678.0,805.4399999999999,142.18819241724682,14.89023210831727,17.743589743589745,TTG00230,Macaé
2022-03-28,389.5,0.500000007450581,29.0,180.0,26.0,,237139.09828336557,26.0000003874302,41277.4137730211,12.5,62.1000009253621,-3207.0808988530634,60.0,457.5,14.0,991.0,62.0,102.0,200.0,0.5,42.5,0.200000002980232,42.4000006318092,-3206.3532392677525,,,,41277.51468077177,,,,,0.005985032368892249,469.43,65.7202,548.385436091762,0.6478884590584091,20.0,TTG00230,Macaé
2022-03-29,508.0833333333333,1.627777802033556,30.833333333333332,566.7222222222222,25.52777777777778,44.44444444444444,237463.0904255319,88.42222353981604,41282.70792826664,23.805555555555557,138.57777984274756,-2021.8106684252016,81.88888888888889,443.3888888888889,51.833333333333336,1796.3333333333333,91.5,102.0,549.7777777777778,1.9722222222222223,71.86111111111111,0.5833333420256775,176.94722485894127,-2006.3787533016311,,,,41284.954590585,,,,,0.18897362110255153,1678.0,869.7633333333333,172.89087421804012,8.932624113475384,18.27777777777778,TTG00230,Macaé
2022-03-30,515.2564102564103,1.3974359182593166,31.435897435897434,494.9230769230769,25.55128205128205,26.935897435897434,237872.81510416666,88.40000131726269,41297.23205014424,23.833333333333332,121.61666847889624,-614.3666758214443,79.41025641025641,449.94871794871796,47.76923076923077,1794.4615384615386,88.92307692307692,101.76923076923077,492.8205128205128,1.8333333333333333,70.15384615384616,0.5102564178598236,138.37820719020112,-581.1104253258876,,,,41296.14593201503,,,,,0.37991375820138273,1678.0,801.5676923076923,146.22522080358274,14.7109375,5.128205128205129,TTG00230,Macaé
2022-03-31,513.8229166666666,1.4479166882423078,32.041666666666664,528.2083333333334,25.6875,33.541666666666664,238799.56770833334,88.40833465072019,41318.944423698886,23.90625,128.7187519180588,0.0020833333643774164,79.9375,446.4895833333333,50.4375,1794.78125,89.8125,101.84375,509.625,2.0,70.85416666666667,0.5395833413737517,154.2614606320083,41.833333956698574,,,,41318.94429325709,,,,,0.4882935484773346,1678.0,846.34125,153.82619132633786,20.078125,18.583333333333332,TTG00230,Macaé
2022-04-01,517.0425531914893,1.3297872538579267,31.4468085106383,493.1276595744681,25.5,23.180851063829788,239680.26329787233,88.41702259411207,41342.50723250332,23.53191489361702,120.05851242730904,0.012765957637036083,79.04255319148936,448.52127659574467,46.680851063829785,1795.5,88.7872340425532,102.14893617021276,469.8085106382979,1.9787234042553192,70.03191489361703,0.5085106458752715,135.25000201538208,41.187234656290805,,,,41342.55240719462,,,,,0.47513599765156966,1678.0,783.3046808510638,146.51661225465008,17.73936170212766,23.319148936170212,TTG00230,Macaé
2022-04-02,517.1195652173913,1.3152174109026142,30.97826086956522,484.04347826086956,25.51086956521739,21.641304347826086,240469.640625,88.40000131726269,41365.65155122533,25.217391304347824,117.86087132148128,-136.51666870092373,78.56521739130434,448.1847826086956,45.41304347826087,1795.8152173913043,88.19565217391305,102.27173913043478,464.2173913043478,2.0,69.67391304347827,0.480434789767732,130.26956715855914,-97.78750145714751,,,,41366.063698359,,,,,0.4683536995985378,1678.0,762.0308695652174,146.49872795715635,16.473958333333332,19.82608695652174,TTG00230,Macaé
2022-04-03,506.6818181818182,1.3545454747297545,31.454545454545453,510.59090909090907,25.5,30.204545454545453,241151.3510638298,87.05454675175932,41382.6112769643,23.75,125.93182005834846,-1742.978749376665,78.72727272727273,448.59090909090907,48.13636363636363,1777.3863636363637,87.63636363636364,102.18181818181819,487.95454545454544,1.9090909090909092,69.18181818181819,0.43636364286596124,148.8704567637971,-1723.71917462159,,,,41384.417605322626,,,,,0.21673332045998478,1671.9156818181816,805.1119249999999,156.4991418767523,9.127659574468085,22.636363636363637,TTG00230,Macaé
2022-04-04,515.0520833333334,1.512500022538007,30.6875,502.75,25.625,26.479166666666668,241739.55208333334,88.40000131726269,41400.02754647252,24.666666666666668,122.40625182399532,0.16250000242143853,79.14583333333333,447.71875,47.9375,1794.7395833333333,88.91666666666667,102.04166666666667,493.3541666666667,2.0,70.47916666666667,0.5562500082887712,140.17187708872368,40.33333393434683,,,,41400.10902212988,,,,,0.48625593983600385,1678.0,804.39125,148.38543340051908,18.713541666666668,11.479166666666666,TTG00230,Macaé
2022-04-05,513.0729166666666,1.5750000234693289,30.666666666666668,537.2708333333334,25.739583333333332,33.125,242712.80208333334,88.4000013172627,41424.030516046776,25.489583333333332,129.7760436004804,0.05625000083819024,79.47916666666667,445.6875,50.708333333333336,1795.4583333333333,89.35416666666667,101.96875,508.3333333333333,2.4895833333333335,70.75,0.5875000087544325,156.68437733477916,40.420833935650684,,,,41424.03357381864,,,,,0.489877564993094,1678.0,850.8858333333333,156.28759745209175,20.5,28.9375,TTG00230,Macaé
2022-04-06,517.9166666666666,1.4562500216998178,30.666666666666668,505.4791666666667,25.958333333333332,24.75,243612.5,88.40000131726269,41448.033468259935,24.364583333333332,122.11979348639345,0.04166666728754833,78.77083333333333,447.6041666666667,47.895833333333336,1794.9791666666667,88.58333333333333,101.98958333333333,482.6458333333333,2.5,70.1875,0.5562500082887712,138.96562707074915,40.40416726873567,,,,41448.02628306745,,,,,0.48676379135273845,1678.0,803.6920833333334,147.76237712308912,18.471354166666668,22.833333333333332,TTG00230,Macaé
2022-04-07,515.140625,1.4121212331634587,31.96969696969697,502.27272727272725,25.757575757575758,27.046875,244449.15443199687,88.4000013172627,41468.1013480473,23.984375,123.57343934138757,-1092.139599607483,79.15151515151516,445.59375,49.15625,1794.71875,89.28125,102.0,482.24242424242425,2.265625,71.203125,0.506060613601497,138.60606267145192,-995.0208481603007,,,,41470.31385642397,,,,,0.31594881808238523,1678.0,824.841875,146.7725930194386,12.457252358490829,20.03030303030303,TTG00230,Macaé
2022-04-08,512.9375,1.57500002346933,32.25,528.375,25.5,33.125,244693.882175833,88.40000131726269,41478.771008908734,24.5625,128.36875191284363,-2719.046849027597,80.75,444.9375,49.125,1795.5,90.0,102.0,523.625,1.75,70.5625,0.5250000078231098,153.2750022839755,-2711.946848921799,,,,41476.84475167167,,,,,0.07575593458533787,1678.0,824.3175,158.38039947557982,3.8521678040944725,5.5,TTG00230,Macaé
2022-04-09,511.71875,1.6458333578581612,31.895833333333332,536.6666666666666,25.604166666666668,34.802083333333336,245363.34114583334,88.4000013172627,41492.772732479825,25.041666666666668,130.84062694967722,0.1479166688707966,80.27083333333333,443.75,49.9375,1795.625,90.29166666666667,101.78125,519.4375,2.4375,69.9375,0.5687500084750358,159.36771070809718,41.8500006236136,,,,41492.770424842725,,,,,0.48819607053807584,1678.0,837.9512500000001,161.56865381312,20.604166666666668,17.9375,TTG00230,Macaé
2022-04-10,514.4642857142857,1.4619047836888404,31.452380952380953,510.26190476190476,25.595238095238095,26.333333333333332,246223.59583333333,88.4000013172627,41515.58680399726,24.833333333333332,123.33928755218419,-218.34666992028588,79.33333333333333,445.82142857142856,47.785714285714285,1796.0,89.0,101.73809523809524,487.35714285714283,2.0238095238095237,70.47619047619048,0.5095238171163062,142.1535735468247,-179.99555823769867,,,,41515.45372041246,,,,,0.4491021516134626,1678.0,801.8442857142857,151.5267703762232,17.708333333333332,22.904761904761905,TTG00230,Macaé
2022-04-11,513.2708333333334,1.4229166878697799,31.666666666666668,513.1041666666666,25.8125,24.5625,247077.13020833334,88.40000131726269,41538.34659802648,24.822916666666668,123.12500183470537,0.008333333457509666,79.33333333333333,445.625,48.041666666666664,1794.8854166666667,89.10416666666667,101.94791666666667,485.75,2.0,71.40625,0.5145833410012229,141.6875021113083,41.493750618305064,,,,41538.34965544528,,,,,0.4898681167618027,1678.0,806.1391666666667,150.54864563227517,18.619791666666668,27.354166666666668,TTG00230,Macaé
2022-04-12,508.3645833333333,1.6583333580444268,32.270833333333336,557.75,25.739583333333332,41.010416666666664,248002.01822916666,88.4166679841777,41562.349509730346,25.03125,136.0677103609002,,81.5,439.3229166666667,51.145833333333336,1795.4375,91.29166666666667,101.85416666666667,527.0416666666666,2.2083333333333335,72.8125,0.6020833423050744,171.58333589012432,42.65000063553452,,,,41562.35098417014,,,,,0.4891046996734379,1678.0,858.2270833333333,169.0465528378787,22.627604166666668,30.708333333333332,TTG00230,Macaé
2022-04-13,500.6034482758621,1.9827586502350605,31.20689655172414,623.0689655172414,25.5,62.06896551724138,249182.3157835145,88.45517373187793,41581.60190578205,26.620689655172413,154.33793333429722,-1297.0666859944681,83.96551724137932,431.91379310344826,54.6551724137931,1795.8275862068965,94.17241379310344,101.51724137931035,581.5862068965517,2.5,74.48275862068965,0.7103448381711698,213.07241696812983,-1273.1000189706704,,,,41584.40323805409,,,,,0.29240840938321827,1678.0,917.1137931034483,197.4706613449541,16.859035326086694,41.48275862068966,TTG00230,Macaé
2022-04-14,512.8823529411765,1.9058823813410366,29.705882352941178,509.6470588235294,25.91176470588235,39.23529411764706,249562.83586956523,88.4000013172627,41593.37084246506,22.41176470588235,131.05000195279726,-491.5200073242195,81.23529411764706,447.05882352941177,48.294117647058826,1795.6470588235295,90.76470588235294,101.5,528.6470588235294,2.264705882352941,70.17647058823529,0.6352941271136789,159.91764944178223,-458.1400068268187,,,,41592.76347705155,,,,,0.3483432894270663,1678.0,810.3752941176472,164.7802750772545,17.93831521739194,19.58823529411765,TTG00230,Macaé
2022-04-15,509.34375,2.1104166981143258,30.9375,516.6666666666666,25.864583333333332,49.020833333333336,250418.55729166666,88.4000013172627,41609.622797860844,24.0,143.29062713519676,,82.41666666666667,442.2916666666667,52.0625,1795.90625,91.875,101.85416666666667,582.9166666666666,3.2916666666666665,70.86458333333333,0.6395833428638679,188.59479447694807,41.17500061355532,,,,41609.56271102421,,,,,0.41314473754922193,1678.0,873.60875,182.0990820990902,24.825520833333332,66.25,TTG00230,Macaé
2022-04-16,515.1041666666666,1.722916692340126,29.416666666666668,448.6875,25.979166666666668,24.40625,251347.3984375,88.40000131726269,41633.625732712855,24.96875,117.0916684114685,,78.95833333333333,450.6354166666667,44.6875,1795.1875,88.58333333333333,102.125,478.4375,3.5,68.58333333333333,0.5583333416531487,128.66875191731378,38.81458391171571,,,,41633.67278165905,,,,,0.4164674748280959,1678.0,749.8562499999999,145.14957473107964,16.958333333333332,29.75,TTG00230,Macaé
2022-04-17,515.71875,1.6729166915950666,28.979166666666668,440.1666666666667,25.989583333333332,20.78125,252176.15104166666,88.4000013172627,41657.628719648244,25.28125,114.18750170152639,0.004166666728754833,78.66666666666667,451.6354166666667,43.916666666666664,1795.3229166666667,88.20833333333333,102.44791666666667,468.1458333333333,3.5,68.41666666666667,0.5354166746449971,122.32396015610243,38.162500568665564,,,,41657.69991078935,,,,,0.40029566121226406,1678.0,736.9216666666666,141.8722714538557,15.934895833333334,27.979166666666668,TTG00230,Macaé
2022-04-18,514.8958333333334,1.6791666916881993,29.020833333333332,431.375,25.989583333333332,19.25,252913.29166666666,88.40000131726269,41681.63160241689,26.21875,111.5291683285808,,78.5,451.6875,41.354166666666664,1794.8020833333333,87.89583333333333,102.5,460.5833333333333,3.5,68.27083333333333,0.5437500081025067,116.32916840010635,38.25833390342692,,,,41681.742168118384,,,,,0.3854778950959978,1678.0,693.9229166666668,144.51306234494987,15.315104166666666,29.208333333333332,TTG00230,Macaé
2022-04-19,517.59375,1.8520833609315257,29.125,393.8541666666667,25.9375,20.552083333333332,253721.43229166666,88.40000131726269,41705.6345777782,23.572916666666668,122.26875182194634,0.008333333457509666,79.0625,451.0,49.125,1796.0729166666667,88.35416666666667,102.45833333333333,531.1458333333334,3.5,68.61458333333333,0.48541667389993887,139.93437708518465,38.302083904078856,,,,41705.59480530327,,,,,0.4484118603666805,1678.0,824.3175,145.16174485559569,18.5703125,137.29166666666666,TTG00230,Macaé
2022-04-20,518.46875,1.9520833624216418,29.3125,372.5833333333333,26.0,20.8125,254647.3828125,88.40000131726269,41729.637564713594,23.1875,128.60833524974683,0.004166666728754833,79.0,451.09375,53.020833333333336,1795.7083333333333,88.10416666666667,102.29166666666667,573.4166666666666,3.5,68.65625,0.4520833400699,153.7072939570838,38.829167245266355,,,,41729.63812081321,,,,,0.4891531306073678,1678.0,889.6895833333333,148.6746902522712,20.130208333333332,200.83333333333334,TTG00230,Macaé
2022-04-21,519.0714285714286,1.9476190766408343,29.047619047619047,361.3809523809524,26.0,19.0,255464.12656963468,88.40000131726269,41746.88971072085,23.023809523809526,127.56904951997451,-1843.200027465823,78.76190476190476,451.35714285714283,54.142857142857146,1793.142857142857,87.76190476190476,102.0,570.4761904761905,3.5,68.38095238095238,0.43333333979050304,151.11190701364765,-1826.2729438802564,,,,41749.87046593373,,,,,0.21160106581222257,1678.0,908.5171428571429,142.41330772898885,8.522010559360448,209.0952380952381,TTG00230,Macaé
2022-04-22,513.0,2.20000003278255,31.0,444.0,26.0,45.0,255566.96575342468,88.4000013172627,41752.8155220887,20.5,159.750002380461,-3205.5652651579535,83.0,460.5,71.0,1801.5,90.0,101.5,732.0,2.5,68.5,0.400000005960464,225.250003356487,-3204.7000477537563,,,,41752.294219614036,,,,,0.010486550832549414,1678.0,1191.38,160.70649402626697,0.9906194163195323,288.0,TTG00230,Macaé
2022-04-23,514.925,2.130000031739473,29.65,408.05,26.0,29.75,255972.21513402334,88.40000131726268,41758.06588717769,18.55,142.22500211931765,-1911.4666951497427,81.4,457.075,59.25,1795.65,90.6,101.325,652.55,2.725,67.75,0.45000000670552254,185.46750276368113,-1894.8771115692052,,,,41761.201742268,,,,,0.19814830666655325,1678.0,994.2149999999999,159.90034538191563,9.804057192144077,244.5,TTG00230,Macaé
2022-04-24,,,,,,,256078.0680732484,,,,,-3276.80004882813,,,,,,,,,,,,-3276.80004882813,,,,41763.282299488,,,,,,,,,0.15843949044635033,,TTG00230,Macaé
2022-04-25,,,,,,,256085.67316878983,,,,,-3276.80004882813,,,,,,,,,,,,-3276.80004882813,,,,41763.28233603773,,,,,1.2183245720128374e-05,,,,0.158439490445744,,TTG00230,Macaé
2022-04-26,513.3333333333334,1.53333335618178,27.666666666666668,331.3333333333333,25.833333333333332,12.833333333333334,256096.49284268843,86.66666795810067,41764.258956684534,22.666666666666668,127.20000189542766,-3072.000045776372,73.0,486.5,60.333333333333336,1770.8333333333333,76.66666666666667,102.0,517.6666666666666,1.6666666666666667,59.5,0.3333333383003867,151.516668924441,-3069.858379077792,,,,41763.58325150434,,,,,0.02910879309805144,1678.0,1012.3933333333334,128.58704938723204,1.2827096602971626,186.33333333333334,TTG00230,Macaé
2022-04-27,519.65625,1.7854166932714473,28.833333333333332,359.3333333333333,26.0,17.739583333333332,256600.18229166666,88.40000131726269,41777.082965243,21.854166666666668,125.0802101971736,0.02083333364377417,79.02083333333333,454.7916666666667,53.916666666666664,1795.375,88.5625,102.03125,560.75,2.0,65.59375,0.43333333979050304,145.8250021729618,38.10000056773425,,,,41777.096999823894,,,,,0.4835743511396989,1678.0,904.7216666666667,137.04706303239098,19.166666666666668,201.41666666666666,TTG00230,Macaé
2022-04-28,483.7,1.5800000235438345,28.2,326.4,26.0,13.8,257110.1,72.56000108122831,41790.33477273668,20.7,111.58000166267166,-2833.9757179052085,78.8,416.9,44.0,1589.8,88.4,102.0,517.8,2.0,57.7,0.38000000566244097,127.55000190064308,-2828.813555666124,,,,41791.23956932855,,,,,0.05973250751845331,1408.28,732.9256,1098.488524089503,18.7027027027027,191.4,TTG00230,Macaé
2022-04-29,,,,,,,,,,,,-3276.80004882813,,,,,,,,,,,,-3276.80004882813,,,,,,,,,,,,,18.625,,TTG00230,Macaé
